Track URI,Track Name,Album Name,Artist Name(s),Release Date,Duration (ms),Popularity,Explicit,Added By,Added At,Genres,Record Label,Danceability,Energy,Key,Loudness,Mode,Speechiness,Acousticness,Instrumentalness,Liveness,Valence,Tempo,Time Signature
spotify:track:1peivYOfxuszJEve0K8dRA,"Hold On To Me - Re-Rub","Sincere (Deluxe)","MJ Cole;Elisabeth Troy",2000-12-04,279773,24,false,,2026-04-24T09:42:20Z,"uk garage,uk funky","UMC (Universal Music Catalogue)",0.89,0.526,6,-9.279,1,0.0957,0.044,0.00204,0.0372,0.833,132.02,4
spotify:track:0lRMFznrQu9fUMyY4EeLKw,"Stand Up","Stand Up","MJ Cole;K-Lone",2024-07-12,332002,17,false,,2026-04-24T09:37:48Z,"uk garage,uk funky,jazz house,dub techno","fabric Records",0.865,0.775,1,-6.54,0,0.0622,0.03,0.908,0.11,0.761,130.028,4
spotify:track:00B3cITDbSBY9GeKZvxw9M,"Feel It","Feel It","MJ Cole;piri;Tommy Villiers",2023-01-20,192000,29,false,,2026-04-24T09:35:07Z,"uk garage,uk funky,rally house,liquid funk,drum and bass","892 Recordings",0.723,0.553,8,-5.565,0,0.0428,0.226,0.0113,0.0919,0.178,135.027,4
spotify:track:3ttQGouvKMlbI2bTgAMWup,"Sincere - Re-Cue'D","Sincere (Deluxe)","MJ Cole;Nova Caspar;jaydee",2000-12-04,338693,46,false,,2026-04-24T09:03:37Z,"uk garage,uk funky","UMC (Universal Music Catalogue)",0.83,0.784,1,-8.248,1,0.135,0.216,0.272,0.125,0.719,132.661,4
spotify:track:14XWXWv5FoCbFzLksawpEe,"Riders on the Storm","L.A. Woman","The Doors",1971-04-19,434720,75,false,,2026-04-03T21:25:38Z,"psychedelic rock,classic rock,acid rock","Rhino/Elektra",0.55,0.722,11,-11.729,0,0.0283,0.25,0.0129,0.11,0.716,103.886,4
spotify:track:2emP5oaNH6cwFsugIPqVau,"Nautilus","One","Bob James",1974-06-03,305666,42,false,,2026-04-02T20:55:51Z,"smooth jazz,jazz funk,jazz fusion,jazz,cool jazz","evosound",0.534,0.532,9,-14.182,0,0.0273,0.0401,0.00905,0.152,0.767,98.677,4
spotify:track:6Vx0CaKLwQLKzv666NixMs,"ER Main Theme (From ""ER"")","ER Main Theme (From ""ER"")","Geek Music",2022-06-22,111129,25,false,,2026-03-10T12:22:34Z,"anime","Geek Music",0.507,0.59,11,-11.531,0,0.0337,0.0671,0.513,0.0564,0.317,92.982,3
spotify:track:6wSl4w4SgPl4wcst2VcqUZ,"Sema","Sema","Jolliffe;Submorphics;Nah Eeto",2026-03-04,247500,44,false,,2026-03-10T12:20:56Z,"liquid funk,drum and bass,jungle","Drum&BassArena",0.672,0.838,1,-5.519,1,0.0505,0.00141,0.349,0.059,0.238,174.009,4
spotify:track:6b37xrsNCWYIUphFBazqD6,"Me Gustas Tu","Próxima Estación: Esperanza","Manu Chao",2001-06-01,239986,83,false,,2026-02-24T16:07:09Z,"latin alternative","Radio Bemba",0.657,0.741,11,-6.822,0,0.0825,0.663,0.494,0.222,0.908,175.949,4
spotify:track:7fss5WF5vuXRHvMsYRQXQH,"Темная ночь","Русское наследие","Mark Bernes",2022-08-25,175480,66,false,,2026-02-02T16:44:04Z,"","Digital Project",0.426,0.257,7,-15.88,1,0.044,0.939,0.0000202,0.109,0.423,112.243,4
spotify:track:37Dy5bSJ5ZvB4JhryHdY05,"Pall-Bearers","The Death of Stalin (Original Motion Picture Soundtrack)","Christopher Willis",2017-12-01,108546,11,false,,2026-01-28T19:13:08Z,"","MVKA",0.0771,0.132,9,-20.781,0,0.0385,0.798,0.916,0.11,0.0385,174.841,4
spotify:track:2lcwoeWDDUbn5LTMIyG7X4,"Vantage","Vantage","Glacier",2020-12-25,241208,23,false,,2026-01-10T20:54:31Z,"future bass","Wolf Beats",0.644,0.679,1,-6.555,1,0.041,0.0212,0.564,0.0738,0.515,89.969,4
spotify:track:5P2fm4rMAkaXkcrwg1mSv2,"Square One - Glacier Remix","Panorama: Discover Remixes","Haywyre;Glacier",2019-09-20,239636,22,false,,2026-01-10T20:41:06Z,"future bass","Haywyre",0.755,0.851,10,-6.043,0,0.0832,0.0405,0.493,0.111,0.737,101.992,4
spotify:track:1UhwJvUgo9kaHlOhlzkLf8,"Tiny","Friction","James Egbert",2016-12-30,320624,21,false,,2026-01-10T19:10:07Z,"dubstep,electro house","Fuzion Muzik",0.561,0.782,8,-6.36,1,0.0308,0.0112,0.483,0.174,0.436,127.996,4
spotify:track:2pEI9oIxkydtTJ0BumhUrh,"Polysci","Polysci","Varied",2021-02-09,3625013,3,false,,2026-01-10T11:16:04Z,"","Klown This Label",0.65,0.431,1,-11.945,1,0.0419,0.017,0.894,0.0814,0.503,90.013,4
spotify:track:1NFZAACvulJ0saxCcr5Ex6,"Weather It Out","Detroit Haze","Submorphics;Steo",2018-01-19,268413,25,false,,2026-01-08T00:20:26Z,"liquid funk,drum and bass,jungle","The North Quarter",0.456,0.795,9,-5.008,0,0.0379,0.0076,0.899,0.119,0.238,172.028,4
spotify:track:1U4ylxhD58nkXWIblqdpVd,"Dust Eclipse","Dust Eclipse","Long Lake",2025-08-17,186250,61,false,,2025-11-25T16:18:36Z,"","Chill Palm",0.158,0.103,1,-30.204,1,0.0503,0.816,0.458,0.104,0.0352,73.752,4
spotify:track:1ujxjsoNvh4XgS2fUNwkZ2,"Space Song","Depression Cherry","Beach House",2015-08-28,320466,75,false,,2025-10-28T16:57:08Z,"dream pop","Apple Orchard Music",0.509,0.793,0,-7.107,0,0.0293,0.221,0.127,0.144,0.625,147.065,4
spotify:track:0vZqvPDv9x8Y7uaq06J5Md,"Across The Ocean","Across The Ocean","Axian;Oliver Crosby;Chai",2025-03-24,130000,25,false,,2025-10-08T03:44:33Z,"lo-fi beats,lo-fi hip hop,lo-fi,jazz beats,nu jazz,jazz fusion","Kicker Records",0.487,0.528,2,-9.404,0,0.0429,0.045,0.904,0.145,0.218,87.021,4
spotify:track:2c659Cp9exFsgapfBPnD1Y,"Paint The Town Red - Instrumental","Demons + Paint The Town Red","Doja Cat",2023-09-01,231750,37,true,,2025-09-26T20:23:46Z,"","Kemosabe Records/RCA Records",0.905,0.389,5,-11.481,1,0.0509,0.22,0.935,0.0956,0.613,100.016,4
spotify:track:6TlPveqZiWf1o3dp3dsDeu,"Cowboys","Birds, Bees, The Clouds & The Trees","Harrison",2023-04-28,104650,33,false,,2025-09-19T00:10:26Z,"city pop,vaporwave","Last Gang",0.618,0.837,3,-5.98,0,0.0308,0.827,0.882,0.176,0.968,99.824,3
spotify:track:10N0I9KcAZ7dJKs6n3x7WQ,"A View From The Sky","Birds, Bees, The Clouds & The Trees","Harrison",2023-04-28,85883,28,false,,2025-09-03T07:35:22Z,"city pop,vaporwave","Last Gang",0.603,0.908,11,-4.704,0,0.0313,0.829,0.899,0.126,0.412,94.968,5
spotify:track:2tJcqum1iqR0Qzrpg6pDVL,"I Choose You","The Gum Soul After Party","Furney;Tayla",2008-11-07,371062,25,false,,2025-08-30T00:27:34Z,"liquid funk,drum and bass,jungle,breakcore,breakbeat","LOAD Media UK",0.579,0.858,7,-5.35,1,0.0654,0.00000963,0.804,0.0342,0.399,175.977,4
spotify:track:5dsMAnLV8Yk8UVaF82fqeM,"welcome back","ELEVATOR MUSIC//FIRST IMPACT","drwncvnt",2025-07-04,93815,11,false,,2025-08-30T00:15:25Z,"breakcore","drwncvnt dimension",0.659,0.877,1,-6.44,0,0.0313,0.632,0.906,0.102,0.0899,94.956,4
spotify:track:2apgYGWUvJqEr3qjpaSVqq,"crossroads","farewell, my love","awaitedfate;Sxnctuary",2025-08-08,141349,15,false,,2025-08-29T23:14:52Z,"breakcore,jungle,drum and bass,liquid funk","awaitedfate",0.397,0.625,8,-12.441,1,0.0375,0.0761,0.854,0.149,0.333,163.062,1
spotify:track:77RKTns194vbhdP7rh5HC2,"are you okay?","Dreamcollider","jacal",2024-01-26,205714,55,false,,2025-08-29T22:01:26Z,"","jacal and dreamcorp.",0.47,0.661,5,-8.39,0,0.0299,0.399,0.962,0.107,0.106,139.946,4
spotify:track:0imko8mKmhQJlvBVZWgP4K,"aquatic ambience - slowed + reverb","aquatic ambience (Remixes)","Scizzie",2022-10-31,154419,58,false,,2025-08-29T21:58:04Z,"","The System",0.288,0.0807,2,-25.97,0,0.0351,0.895,0.948,0.116,0.0575,111.807,4
spotify:track:1AeAJE0BNsq9jyssQDsUZ9,"aquatic ambience","aquatic ambience","Scizzie",2022-10-15,123535,67,false,,2025-08-29T21:58:02Z,"","The System",0.251,0.118,6,-22.077,0,0.0346,0.898,0.93,0.0988,0.049,139.688,4
spotify:track:63Va6HdgMfRcgxZI8vkbbv,"ayame","ayame","yesmcx",2024-07-11,163278,41,false,,2025-08-25T21:53:57Z,"","yesmcx",0.8,0.545,2,-10.916,0,0.0443,0.202,0.864,0.105,0.213,121.987,4
spotify:track:12mCpmQFWTW9D5pWGDrHmI,"Feels Like Yesterday","Feels Like Yesterday","Harrison;Jaleel Shaw",2024-08-21,129749,46,false,,2025-08-24T01:12:40Z,"city pop,vaporwave,jazz","Last Gang",0.738,0.82,5,-7.987,0,0.0544,0.542,0.536,0.1,0.559,119.922,4
spotify:track:6KxGPwNQWF8SXZTkrQGuYr,"Ain't That Somethin?","Windmills of the Soul","Kero One",2006,146000,38,false,,2025-08-24T01:01:56Z,"jazz rap,jazz beats,nu jazz","plug label",0.8,0.522,0,-10.663,1,0.0538,0.61,0.125,0.0978,0.658,95.014,4
spotify:track:3QSa7qZDAOtaWAaWkYJnkI,"Music In My Mind Part 2","Fruit Of The Past","Jazz Liberatorz",2009-05-11,186053,48,false,,2025-08-24T00:33:15Z,"jazz rap,nu jazz","Kif music",0.747,0.718,10,-11.516,0,0.0429,0.0436,0.897,0.109,0.627,96.026,4
spotify:track:2UdQzElPbITBUES8jXf91X,"Strings-N-Flutes","Freestyle Tools 2018","DJ Grumble",2017-03-27,83870,44,false,,2025-08-24T00:19:02Z,"lo-fi beats,jazz beats,jazz rap","DJ Grumble",0.646,0.452,5,-6.863,0,0.0438,0.0501,0.0639,0.444,0.717,91.651,4
spotify:track:2ej1A2Ze6P2EOW7KfIosZR,"Feather (feat. Cise Starr & Akin from CYNE)","Modal Soul","Nujabes;Cise Starr & Akin from CYNE",2005-11-11,175360,70,true,,2025-08-23T23:43:26Z,"jazz rap","Hydeout Productions",0.565,0.749,10,-6.629,0,0.0769,0.655,0.432,0.106,0.881,180.598,4
spotify:track:6JpN5w95em8SODPiM7W2PH,"The Story of O.J.","4:44","JAŸ-Z",2017-07-07,231760,61,true,,2025-08-19T16:06:02Z,"hip hop,east coast hip hop,rap","Roc Nation / Jay-Z",0.741,0.718,7,-5.823,1,0.415,0.283,0.00000221,0.23,0.576,165.848,4
spotify:track:7i81dWKqKANyYh8DhZ0BrX,"Irish Goodbye","No Vacancy","Treaty Oak Revival",2021-01-29,201024,71,true,,2025-08-17T14:51:04Z,"country,texas country,red dirt,country rock","TOR Records",0.514,0.893,5,-3.105,1,0.0343,0.0815,0.000702,0.176,0.642,96.124,4
spotify:track:3oVSmMP5RVInzn9xnjUat1,"Bonus Mix","HEADSBASS VOLUME 15","Rezilient",2025-06-27,3739055,8,false,,2025-07-14T05:29:52Z,"liquid funk,drum and bass","Beats In Mind",0.581,0.684,7,-12.188,1,0.0595,0.00567,0.806,0.141,0.16,170.958,4
spotify:track:7I5ap6ekpgC2e5uEn6K75i,"Circles Revisited","Circles Revisited","Adam F",2024-08-09,434533,41,false,,2025-07-14T02:50:39Z,"jungle,drum and bass","181 Recordings",0.539,0.932,9,-5.087,0,0.0601,0.0000851,0.462,0.18,0.336,164.968,4
spotify:track:1AM8QdDFZMq6SrrqUnuQ9P,"Feeling Good","It's Time","Michael Bublé",2005-02-08,237333,73,false,,2025-07-07T21:08:19Z,"christmas","143/Reprise",0.535,0.548,1,-6.51,1,0.037,0.533,0.00000148,0.123,0.477,115.144,3
spotify:track:1vaSqxFEeWyjED9u2m7msr,"One Look","One Look / Memento","Rezilient;Sydney Bryce",2025-05-16,293793,15,false,,2025-07-06T09:05:48Z,"liquid funk,drum and bass","Galacy Records",0.593,0.908,6,-5.218,1,0.049,0.00185,0.757,0.0663,0.359,173.97,4
spotify:track:3sKopALKRzWTPfa4pQTeuP,"Polestar","People, Places & Things","Slide Five",1997-04-08,356866,2,false,,2025-06-20T19:53:34Z,"acid jazz","Ubiquity Records",0.74,0.714,10,-9.78,0,0.0673,0.0421,0.885,0.0646,0.0619,108.051,4
spotify:track:45muf22QzSyKwsF4l3IcwJ,"Searching","Vibrations","Roy Ayers Ubiquity",1976,240920,56,false,,2025-06-11T01:21:37Z,"jazz funk","Verve Reissues",0.468,0.76,4,-7.304,0,0.0529,0.535,0.0000081,0.0912,0.472,168.963,4
spotify:track:5ERZGchTi6sysVmA913Ryx,"Forget Me Nots - Remastered","Straight from the Heart (Remastered)","Patrice Rushen",1982-04-14,284506,75,false,,2025-06-11T01:10:50Z,"post-disco,jazz funk,disco","Strut",0.919,0.458,6,-6.963,0,0.0429,0.0797,0.0558,0.0534,0.963,113.82,4
spotify:track:2yd0XI7g0BhAgY9GkpPClU,"Outstanding","The Gap Band IV","The Gap Band",1982-01-01,198800,65,false,,2025-06-11T01:02:10Z,"funk,quiet storm","Island Mercury",0.738,0.498,6,-12.091,1,0.0286,0.223,0.0000157,0.155,0.774,99.084,4
spotify:track:7rud54XCjLv3AQbaUAtxU1,"Não Adianta","Trio Mocoto","Trio Mocoto",1977,247120,53,false,,2025-06-10T03:19:04Z,"samba,brazilian jazz,bossa nova","Mr Bongo",0.484,0.81,7,-4.579,0,0.0377,0.626,0.000283,0.11,0.422,144.454,4
spotify:track:2aQ8NyRJcsQFgb8jwUil90,"Que Bandeira","Cartão Postal","Evinha",1971-01-05,149420,55,false,,2025-06-10T03:17:39Z,"mpb,bossa nova,brazilian jazz","Universal Music Ltda.",0.755,0.537,1,-10.679,1,0.0381,0.756,0.00000322,0.355,0.811,93.393,4
spotify:track:5oiueCPkJCU9wCmQO5HDTj,"Na boca do sol","Arthur Verocai","Arthur Verocai",1972,179973,58,false,,2025-06-10T02:36:38Z,"brazilian jazz,bossa nova,mpb","WM Brazil",0.442,0.486,11,-13.41,0,0.0446,0.864,0.482,0.358,0.369,141.024,4
spotify:track:4iVpZVKaPUnMhEagBOIIuI,"Tudo Que Voce Podia Ser","Quarteto Em Cy","Quarteto Em Cy",1972-03-01,161106,53,false,,2025-06-10T02:23:29Z,"bossa nova,mpb,brazilian jazz,samba","Universal Music Ltda.",0.533,0.65,4,-8.53,1,0.0662,0.569,0.000222,0.67,0.455,102.814,4
spotify:track:37zamd22wdJocG2YETRj0l,"Back And Forth","Natural Rythm.","Joakuim;Lurch",2025-04-25,274382,3,false,,2025-06-07T20:58:21Z,"liquid funk,drum and bass,jungle","Fokuz Recordings",0.675,0.899,10,-5.739,0,0.0683,0.0000347,0.838,0.0825,0.33,169.98,4
spotify:track:1BEPTnjZdJvbwbjjW0Tn10,"Come With Me","Little Foot","Calibre",2025-05-23,351422,18,false,,2025-05-31T09:11:07Z,"liquid funk,drum and bass,jungle,musique concrète,breakbeat","Signature",0.443,0.525,6,-8.399,1,0.0805,0.0738,0.902,0.114,0.726,176.108,5
spotify:track:5qQGJARIVCjlWEjKq4ZIAY,"Blastoff - Kyle Hall Remix feat. Ian Fink","Rosebay Music Presents: Fluxpoint, Vol. 1","Submorphics;Ian Fink;Kyle Hall",2025-05-23,387920,2,false,,2025-05-25T16:51:24Z,"liquid funk,drum and bass,jungle","Rosebay Music",0.804,0.439,10,-8.041,0,0.108,0.000151,0.888,0.0592,0.852,125.02,4
spotify:track:060AmlKT5Y6xOKS1X4mUK1,"Lift Off","Lift Off","Niriko",2025-02-02,166800,61,false,,2025-05-21T08:14:25Z,"lounge","Chill Lemon",0.705,0.366,0,-14.881,1,0.0421,0.306,0.807,0.107,0.281,99.99,4
spotify:track:3itf2PKPpcvW6h1igzlFqd,"Pure Love - Lenzman Remix","Pure Love (Lenzman Remix)","Private Joy;Lenzman",2025-05-21,276866,9,false,,2025-05-21T08:01:46Z,"soul jazz,liquid funk,drum and bass,jungle","Rhythm Section International",0.582,0.91,8,-6.913,1,0.118,0.00023,0.359,0.21,0.367,174.021,4
spotify:track:6rptOwDkD7GcXIBlqP6KCx,"Tokyo Dawn","Earth, Vol. 1","Doc Scott",2013-01-28,372000,41,false,,2025-04-15T20:10:37Z,"jungle,drum and bass,breakbeat,liquid funk","Earth Records",0.475,0.799,5,-8.393,1,0.0448,0.0323,0.767,0.167,0.42,168.804,4
spotify:track:4pJvhFf5IlDMbH1fh6knia,"Bladerunner","Recognise","Fred V & Grafix",2014-03-31,363506,23,false,,2025-04-15T20:09:06Z,"liquid funk,drum and bass,chillstep","Hospital Records",0.42,0.832,3,-5.701,0,0.0568,0.052,0.899,0.128,0.0708,174.003,4
spotify:track:4FawryquKj8Lh3Csj0ne58,"Mindgames","Earth, Vol. 2","DJ Crystl",2013-01-28,558000,28,false,,2025-04-15T20:02:44Z,"jungle,drum and bass,breakbeat,liquid funk","Earth Records",0.493,0.93,6,-4.385,0,0.0615,0.0722,0.864,0.338,0.667,159.87,4
spotify:track:0AQqSWXtsbzf5cjuWajOrK,"factory settings","factory settings","Parkland",2023-07-23,234448,50,false,,2025-04-15T20:00:25Z,"jungle,breakcore","Parkland",0.506,0.482,8,-10.467,1,0.0426,0.0142,0.795,0.56,0.315,178.179,4
spotify:track:1nXmBHqaQFKSRv99u5UAdA,"Mystic Sunset","Yellow Shoes / Mystic Sunset","DJ Marky;S.P.Y",2011-07-18,325833,37,false,,2025-04-15T19:56:46Z,"liquid funk,drum and bass,jungle","Innerground Records",0.566,0.988,7,-4.348,1,0.073,0.00331,0.746,0.0811,0.84,174.007,4
spotify:track:2vSxvtSm3h5MmkBSyw9Dch,"In Love Again","In Love Again","Bert H;Sydney Bryce",2020-04-02,309330,39,false,,2025-04-15T19:56:16Z,"liquid funk,drum and bass","Pilot.",0.674,0.759,10,-8.841,0,0.0471,0.00109,0.867,0.076,0.48,169.999,4
spotify:track:1IbyVxvS4UtAV6OelVOQsS,"Nocturne","Life Cycle","Keeno",2014-06-30,337600,41,false,,2025-04-15T19:55:47Z,"liquid funk,drum and bass","Medschool",0.393,0.868,2,-6.337,1,0.0404,0.00971,0.89,0.066,0.0366,175.006,4
spotify:track:2sk8qYf3DAY24H07VJrEDm,"Time Has Come","Commix Presents Dusted (Selected Works 2003 - 2008)","Commix",2012-03-05,346633,29,false,,2025-04-15T19:53:12Z,"liquid funk,drum and bass,jungle","Metalheadz",0.514,0.813,6,-4.534,1,0.0435,0.000442,0.171,0.169,0.252,174.05,4
spotify:track:3RqJTAfrBJZaLivNCoKLwz,"Exit Stage Left","Exit Stage Left","Dilemma",2020-07-17,366271,22,false,,2025-04-15T19:50:13Z,"liquid funk,drum and bass","Soulvent Records",0.767,0.826,5,-3.499,0,0.142,0.0168,0.899,0.099,0.333,175,4
spotify:track:0FsfThPtxeqnMyuvOsdIRx,"OD2L","OD2L","Mitekiss;Abnormal Sleepz",2025-04-11,149448,0,false,,2025-04-12T09:34:05Z,"liquid funk,drum and bass","Goldfat Records",0.731,0.834,7,-4.774,0,0.225,0.123,0,0.493,0.752,82.042,4
spotify:track:02koKso939DGTLrk9PMMJr,"It's Over - Random Movement Remix","It's Over (Random Movement Remix)","Melinki;Random Movement",2021-11-19,276279,0,false,,2025-03-22T08:04:15Z,"liquid funk,drum and bass,jungle","Fokuz Recordings",0.567,0.934,6,-2.28,1,0.0394,0.0000417,0.833,0.249,0.811,171.978,4
spotify:track:0ugSo7GcweQIexUsMCMgus,"luminance","luminance","Inverted Silence",2018-05-31,224026,21,false,,2025-03-21T12:29:05Z,"future bass","Night Owl Collective",0.671,0.607,5,-5.896,0,0.0474,0.0358,0.872,0.114,0.283,114.941,4
spotify:track:4sUTagdmyuyAxd7RvbygpQ,"aruarian dance","samurai champloo music record departure","Nujabes",2004-06-23,250433,67,false,,2025-03-17T12:42:14Z,"jazz rap","Victor",0.585,0.652,6,-8.357,1,0.0358,0.78,0.907,0.0653,0.877,198.448,4
spotify:track:2xiqiChvCHmmxQHgZMN0J6,"Natural Way","Digital World","Break;MC Fats",2023-05-12,227323,31,false,,2025-03-09T20:43:38Z,"drum and bass,jungle,liquid funk","Symmetry Recordings",0.682,0.949,6,-0.37,1,0.212,0.00137,0.34,0.105,0.31,174.01,4
spotify:track:212tIxatoiyc4wYshhQswW,"Use My Love","Use My Love","Haywyre;Molly Moore",2024-10-24,195483,35,false,,2025-02-25T06:46:53Z,"future bass","Monstercat",0.674,0.915,4,-6.639,0,0.0673,0.12,0.188,0.315,0.483,123.954,4
spotify:track:4JGYEozHFw5LwRMEXwsZUL,"Zap Tang - Original Mix","The Slap","Glacier",2015-05-20,232179,17,false,,2025-02-19T10:12:23Z,"future bass","Wolf Beats",0.634,0.829,6,-6.928,0,0.0397,0.0172,0.351,0.0986,0.332,115.062,4
spotify:track:1Y7DqwiPgGFNHysWCX9Asv,"Keep It Simple","Habitat","Naibu",2012-02-27,294737,31,false,,2025-02-13T11:46:44Z,"liquid funk,drum and bass,jungle","Horizons Music",0.567,0.665,10,-6.091,1,0.0515,0.0174,0.86,0.0982,0.0716,170.002,4
spotify:track:3oIs45GQXgSMrjdqMvxfjz,"Satellite Type 2","Call to Mind","Commix",2007-10-29,338973,26,false,,2025-02-13T11:42:55Z,"liquid funk,drum and bass,jungle","Metalheadz",0.621,0.915,5,-5.585,1,0.0591,0.00558,0.854,0.627,0.414,174.011,4
spotify:track:5zdvLujHrSdxdkGfmGJ26R,"Esperanza","Believe In Mankind","Joakuim",2013-04-01,379630,14,false,,2025-02-13T11:13:24Z,"liquid funk,drum and bass,jungle","Fokuz Recordings",0.707,0.771,7,-6.011,1,0.0898,0.000256,0.657,0.134,0.172,172.997,4
spotify:track:7tt9ho25DLjbWsd4uXnBG7,"Amigo Mio","Earth, Vol. 5","Big Bud;Weldon Irvine",2013-01-28,262500,10,false,,2025-02-04T11:50:57Z,"jungle,drum and bass,liquid funk,breakbeat,jazz funk","Earth Records",0.595,0.588,6,-9.313,0,0.263,0.264,0.0243,0.257,0.685,88.991,4
spotify:track:5Qci7YTbad5j9XCKPEXNW5,"Restraint","Two Fold Pt. 2","Haywyre",2016-02-08,46666,21,false,,2025-01-26T20:26:15Z,"future bass","Monstercat",0.449,0.847,5,-11.083,0,0.166,0.922,0.754,0.352,0.473,92.109,4
spotify:track:4LmgY8iN3SqkDOPCNxmaGX,"Lifelike","Lifelike","Dahtona",2023-07-14,156606,45,false,,2024-12-30T07:42:18Z,"lounge","Dahtona",0.752,0.357,6,-14.245,0,0.0617,0.554,0.891,0.1,0.217,111.998,4
spotify:track:2ycLIbuZOJvPqKqeUx5dDK,"Deepmind","Deepmind","Suuunday",2024-08-09,135694,55,false,,2024-12-30T07:27:37Z,"lounge","Suuunday",0.751,0.451,11,-10.584,0,0.156,0.117,0.802,0.203,0.119,107.995,4
spotify:track:4t3eAMM9coi08Wn81RFEIZ,"Nothing But","Timeline","Artificial Intelligence",2015,293103,5,false,,2024-12-28T19:31:37Z,"liquid funk,drum and bass,jungle","Metalheadz",0.597,0.85,10,-3.553,0,0.0481,0.00606,0.903,0.441,0.427,173.967,4
spotify:track:2ODdEGZJBLq3MtuYyLacDn,"Is This Real - Zero T Remix","Timeline Remixed - EP","Artificial Intelligence;Zero T",2018-02-09,291053,20,false,,2024-12-28T18:10:39Z,"liquid funk,drum and bass,jungle","Razors Edge",0.612,0.853,11,-4.096,1,0.0798,0.0505,0.844,0.0545,0.506,174.036,4
spotify:track:6D1d2z1HNzt1VypsHQXqTT,"All Night","All Night / Ride the Rhythm","Peshay",2019-01-28,325533,24,false,,2024-12-14T02:40:25Z,"jungle,drum and bass,liquid funk,breakbeat","Infrared Records",0.403,0.92,1,-5.65,1,0.0382,0.0000199,0.472,0.0802,0.274,167.967,4
spotify:track:4ghoto9uVi95Zo1oxNkEAm,"Point Peak - Radio Edit","Underground, Vol. 2 (RE Edition)","Peshay;Krazeman",2024-10-14,190141,1,false,,2024-12-01T20:14:20Z,"jungle,drum and bass,liquid funk,breakbeat","Peshay Music",0.527,0.977,6,-4.949,0,0.0698,0.000926,0.875,0.0782,0.419,174.986,4
spotify:track:4LA3dGOhgExdQDYCC6RhnB,"Tell Me","Tell Me","Haywyre",2018-11-16,258782,22,false,,2024-11-13T16:54:06Z,"future bass","Haywyre",0.74,0.808,7,-4.761,0,0.133,0.169,0.00000106,0.0535,0.777,115.024,4
spotify:track:3VZ9eV5iDzJ0rMGbmoE8GA,"Deluxe","Venture","Televisor",2015-04-06,276545,19,false,,2024-11-12T11:22:46Z,"nu disco,indie dance,french house","Monstercat",0.734,0.864,7,-4.871,1,0.0545,0.147,0.0315,0.109,0.81,108.009,4
spotify:track:5AINuBWdqX3zOMrmvkeQ5b,"Colorless - Original Mix","Colorless","Flite;Justin Hawkes",2015-03-01,300624,31,false,,2024-11-09T19:53:55Z,"liquid funk,drum and bass","Liquicity Records",0.486,0.964,7,-4.058,1,0.0376,0.00187,0.127,0.108,0.0603,174.017,4
spotify:track:6sIExVzhtpjgseEpgvKggI,"Seattle - Brookes Brothers Remix","Seattle","The BPA;Fatboy Slim;Brookes Brothers",2008-11-30,305786,1,false,,2024-11-09T19:49:59Z,"big beat,drum and bass,liquid funk,jungle","Southern Fried Records",0.535,0.885,2,-7.438,1,0.038,0.0227,0.655,0.0831,0.37,174.035,4
spotify:track:1Oc2jhj2FOBpYa8AUTj7os,"Times of Trouble","Orange Lane","Brookes Brothers;Pierre Da Silva",2017-10-20,225499,8,false,,2024-11-04T21:51:30Z,"drum and bass,liquid funk,jungle","Viper Recordings",0.527,0.551,4,-12.818,0,0.0539,0.0266,0,0.156,0.567,174.042,4
spotify:track:6NQnb2yI5JbT2mnsEoZoRv,"The Evening Loop","Intersection EP","Technimatic",2013-07-07,400457,23,false,,2024-10-28T15:08:35Z,"liquid funk,drum and bass,jungle","SGN:LTD",0.353,0.918,1,-5.487,1,0.0519,0.000214,0.123,0.414,0.139,116.624,3
spotify:track:7IW4ZpCtmdEg9295dCmpKc,"Hold Your Colour","Hold Your Colour (Deluxe)","Pendulum",2007-05-19,328480,25,false,,2024-10-13T19:22:17Z,"drum and bass,dubstep","Breakbeat Kaos",0.43,0.889,5,-4.821,0,0.0374,0.00142,0.224,0.397,0.181,173.962,4
spotify:track:08tt9nXhcoP2wC2YSMpJ2G,"Bear With Me","Lost On Purpose","Random Movement;Anthony Kasper",2019-10-18,325736,9,false,,2024-10-13T19:14:19Z,"liquid funk,drum and bass,jungle","Flight Pattern Records",0.544,0.859,1,-4.216,1,0.0425,0.0106,0.908,0.0823,0.263,174.009,4
spotify:track:5zKasYCix5OMgaSvmNokPO,"My Only Love","Sit Down","Satl;Anthony Kasper",2017-11-13,288689,11,false,,2024-10-13T19:12:39Z,"liquid funk,drum and bass,jungle","Fokuz Recordings",0.63,0.929,5,-4.152,0,0.058,0.00462,0.555,0.0367,0.46,174.99,4
spotify:track:7ePuCytNGmmuuh80rc5BST,"Valley's Breath","Jazz Collaborations EP","Joakuim;RoyGreen & Protone",2023-03-24,278811,5,false,,2024-10-13T19:05:18Z,"liquid funk,drum and bass,jungle","Fokuz Recordings",0.648,0.82,4,-7.319,0,0.0611,0.000463,0.896,0.134,0.136,174.011,4
spotify:track:5GljXYUiVUzyinXkR0gwtq,"Imperfect Views","Imperfect Views","Rogue",2016-07-08,241714,25,false,,2024-10-01T01:25:12Z,"dubstep,drumstep,future bass","Monstercat",0.522,0.936,3,-1.71,0,0.0402,0.0108,0.00499,0.0856,0.183,140.025,4
spotify:track:0sg1Iad1AmBpEp82sS812a,"Comb Funk","Oxygen","Fred V & Grafix",2016-06-24,249274,34,false,,2024-09-27T13:29:03Z,"liquid funk,drum and bass,chillstep","Hospital Records",0.438,0.843,7,-6.842,0,0.0372,0.0766,0.128,0.132,0.121,174.008,4
spotify:track:4GGNjPHpZJzohDoBGvkYWJ,"Dreaming - Remix","Vintage","Utah Jazz;Jonny L",2010-07-05,325034,9,false,,2024-09-27T11:44:02Z,"liquid funk,drum and bass,jungle,breakbeat","Vintage Recordings",0.544,0.961,11,-4.306,0,0.0563,0.000695,0.492,0.0416,0.328,178.988,4
spotify:track:1JY6B9ILvmRla2IKKRZvnH,"Sad Machine","Worlds","Porter Robinson",2014-08-08,350690,59,false,,2024-09-18T19:08:41Z,"edm,electronic","Astralwerks (ASW)",0.47,0.706,0,-4.902,0,0.0322,0.034,0.00000131,0.0726,0.327,88.519,4
spotify:track:0Ra92mpU57HS4ZPmtICQ30,"Reach","Reach","Grant Bowtie",2014-03-03,195689,24,false,,2024-09-18T09:17:46Z,"future bass","Monstercat",0.447,0.873,8,-4.142,1,0.487,0.0639,0.000186,0.159,0.366,160.024,4
spotify:track:47yBlDJj8FLXHNJssr9dbZ,"Pilvorm","Ruimtevaart","Hush",2016-12-09,220000,17,false,,2024-09-18T08:57:35Z,"future bass","Monstercat",0.467,0.931,11,-2.998,0,0.0614,0.0936,0.0093,0.108,0.538,108.011,3
spotify:track:6q8NBpF6twALMb86FBpLgQ,"Ain't No Woman (Like The One I've Got)","Keeper Of The Castle","Four Tops",1972-01-01,187773,60,false,,2024-09-04T19:10:28Z,"motown,northern soul,classic soul,soul","Geffen",0.562,0.592,2,-9.694,0,0.0393,0.33,0.0000125,0.0882,0.869,99.05,4
spotify:track:1WEXSHNpi39xBXuMpQGyrL,"Neos","Neos","Glacier",2017-03-20,241034,24,false,,2024-09-03T22:15:46Z,"future bass","Monstercat",0.823,0.786,9,-3.442,0,0.184,0.0798,0.0521,0.347,0.466,116.036,4
spotify:track:6XekrCAu1m81kbK2vs3YXR,"Cloud Nine","Cloud Nine","Grant Bowtie",2014-07-30,211481,29,false,,2024-08-26T18:20:03Z,"future bass","Monstercat",0.434,0.934,8,-2.898,1,0.344,0.0869,0.136,0.307,0.492,160.112,4
spotify:track:0qphJgsvZF3tVSEEy5P264,"Cosmic Chords","Cosmic Chords / Amazing Stories Dub","Lurch",2022-02-11,307555,5,false,,2024-08-19T19:51:09Z,"liquid funk,drum and bass,jungle","The Chikara Project",0.725,0.842,6,-6.682,0,0.0741,0.000443,0.89,0.125,0.41,134.98,4
spotify:track:1alNxDQy3wrMwJOzSw2qjE,"Birch View","Temple Inward","Glacier",2020-02-14,344800,24,false,,2024-08-17T15:01:30Z,"future bass","Monstercat",0.462,0.837,10,-7.217,0,0.0567,0.0075,0.547,0.286,0.312,149.989,4
spotify:track:6IxxeCkjdD7Mg00DE83Pfa,"The Flavour","The Flavour","Lurch;Anthony Kasper",2017-07-17,316293,6,false,,2024-08-07T11:56:51Z,"liquid funk,drum and bass,jungle","Soul Deep Exclusives",0.583,0.938,8,-4.619,1,0.112,0.00134,0.243,0.231,0.481,173.054,4
spotify:track:4owhmCtv04qO4TZhYQSwdE,"Bristol - Break Remix","Technimatic Remixed","Technimatic;Break",2017-09-15,292054,36,false,,2024-08-07T09:55:03Z,"liquid funk,drum and bass,jungle","Shogun Audio",0.556,0.857,8,-4.372,0,0.063,0.00765,0.507,0.178,0.276,173.981,4
spotify:track:58mdgC1WfgIB2uASkJxyz1,"Break Loose - Volant Remix","Venture (The Remixes)","Televisor;SPLITBREED;Volant",2015-09-04,216093,20,false,,2024-08-03T17:55:26Z,"nu disco,indie dance,french house,dubstep","Monstercat",0.61,0.793,2,-4.585,1,0.0575,0.149,0,0.12,0.21,101.993,4
spotify:track:3XM2ormuVHvn3tQvTQoy3J,"Circles - 7'' Edit","Rave Classics","Adam F",2022-03-31,227533,45,false,,2024-07-29T09:34:49Z,"jungle,drum and bass","UME - Global Clearing House",0.496,0.956,9,-5.36,0,0.0556,0.0000204,0.568,0.181,0.647,164.916,4
spotify:track:4meEOFMsiv4KFIjXe2kS27,"Premeditation","Distant Perspective","Manic Focus;Haywyre",2013-09-13,264827,9,false,,2024-07-24T08:57:33Z,"future bass","Record Union",0.582,0.686,11,-8.301,0,0.161,0.366,0.0952,0.0804,0.514,173.878,4
spotify:track:4FVYExDuuOdJbqTlvcmgEK,"Constellations","Constellations","Grant;Juneau",2017-02-10,248006,38,false,,2024-07-23T13:15:53Z,"future bass,melodic bass","Monstercat",0.357,0.732,4,-4.744,1,0.0657,0.072,0.00172,0.556,0.457,135.04,3
spotify:track:0KXT2kkM2xS0TVW3BCXLNS,"Motionless","The Voyage","Haywyre",2012-01-10,198365,8,false,,2024-07-23T07:52:55Z,"future bass","Haywyre",0.617,0.911,1,-5.491,1,0.0378,0.0161,0.755,0.121,0.391,109.588,3
spotify:track:2sw8teIvVMRZKKYD5p795f,"Main Title Theme - Westworld","Westworld: Season 1 (Music from the HBO Series)","Ramin Djawadi",2016-12-05,101461,50,false,,2024-07-08T09:15:41Z,"soundtrack,score","WaterTower Music",0.464,0.361,5,-11.171,1,0.0291,0.636,0.952,0.11,0.063,111.168,3
spotify:track:6YxNmuxWnWgxlqNCAH8JVQ,"Crystal Clear","Panorama: Form","Haywyre",2019-02-22,139935,20,false,,2024-07-05T12:15:20Z,"future bass","Haywyre",0.658,0.478,11,-10.498,1,0.0829,0.948,0.888,0.0767,0.736,123.981,4
spotify:track:5dWfl2PBpKHpBVdz95wxK1,"No Letting Go","No Holding Back","Wayne Wonder",2003,202013,68,false,,2024-06-12T14:17:03Z,"dancehall,lovers rock,reggae,ragga","VP Records",0.496,0.819,5,-5.656,0,0.0444,0.0479,0.000215,0.177,0.317,100.215,4
spotify:track:0FoEQ5MUMwOrnQ4pWyrfrA,"Music On The Radio","Music On The Radio","Empire Of The Sun",2024-05-17,176196,53,false,,2024-05-30T03:01:45Z,"","EMI Recorded Music Australia Pty Ltd",0.762,0.823,10,-2.994,0,0.0537,0.115,0.0000581,0.135,0.822,115.962,4
spotify:track:6MoYUoXVYPx00wuMtmfRPI,"Tonight","Dumb and Dumber To (Original Motion Picture Soundtrack)","Empire Of The Sun",2014-11-11,175023,39,false,,2024-05-30T02:30:53Z,"","WaterTower Music",0.677,0.908,2,-5.254,0,0.0442,0.113,0.000209,0.248,0.938,131.992,4
spotify:track:5g7Qylrck8rh2lUgEWPQVS,"Standing On The Shore","Walking On A Dream (10th Anniversary Edition)","Empire Of The Sun",2008-10-03,264880,68,false,,2024-05-30T01:27:52Z,"","EMI Recorded Music Australia Pty Ltd",0.586,0.882,11,-5.209,0,0.0353,0.00821,0.0106,0.375,0.27,127.993,4
spotify:track:5r5cp9IpziiIsR6b93vcnQ,"Walking On A Dream","Walking On A Dream (10th Anniversary Edition)","Empire Of The Sun",2008-10-03,198440,88,false,,2024-05-30T00:52:39Z,"","EMI Recorded Music Australia Pty Ltd",0.871,0.701,5,-5.594,0,0.0458,0.257,0.00000752,0.0589,0.716,126.975,4
spotify:track:0eWYHgm4geQQT8IodrBhTh,"Wandering Star","Dumb and Dumber To (Original Motion Picture Soundtrack)","Empire Of The Sun",2014-11-11,196693,53,false,,2024-05-29T23:19:39Z,"","WaterTower Music",0.689,0.721,1,-6.818,0,0.0347,0.319,0,0.207,0.665,110.046,4
spotify:track:1r1fPuhj9H4VdXr7OK6FL5,"CASTLE OF GLASS","LIVING THINGS","Linkin Park",2012-06-19,205400,79,false,,2024-05-29T19:18:12Z,"nu metal,rap metal,rock,alternative metal","Warner Records",0.615,0.911,1,-3.584,0,0.0278,0.0686,0.00188,0.0908,0.685,108,4
spotify:track:0epThWIIEZZBBwDaHoMBBz,"Agolo","Aye","Angelique Kidjo",1994-01-01,289493,41,false,,2024-05-29T09:28:37Z,"afropop","Universal-Island Records Ltd.",0.701,0.808,0,-8.205,1,0.0439,0.0367,0.139,0.377,0.835,93.951,4
spotify:track:0FlcqCwEywOmnSmgKzuMKg,"History","History","Polaris",2023-12-12,287655,20,false,,2024-05-27T18:10:36Z,"liquid funk,drum and bass","Drum&BassArena",0.516,0.967,5,-1.535,0,0.065,0.00127,0.89,0.102,0.556,169.987,4
spotify:track:1BkY0N8ChFk2mdLbAUu8ZK,"Pass The Dutchie","Anthology","Musical Youth",1994-02-28,205426,70,false,,2024-05-25T08:35:55Z,"reggae","Geffen",0.805,0.418,7,-14.374,1,0.0978,0.459,0,0.288,0.966,149.737,4
spotify:track:0RiRZpuVRbi7oqRdSMwhQY,"Sunflower - Spider-Man: Into the Spider-Verse","Hollywood's Bleeding","Post Malone;Swae Lee",2019-09-06,157560,84,false,,2024-05-24T19:28:19Z,"","Republic Records",0.755,0.522,2,-4.368,1,0.0575,0.533,0,0.0685,0.925,89.96,4
spotify:track:7FkwRJXM8GmOVbYfTFdxJO,"Perseverance","Desire Paths","Technimatic",2014-07-01,224681,33,false,,2024-05-22T08:26:10Z,"liquid funk,drum and bass,jungle","Shogun Audio",0.3,0.844,5,-8.036,0,0.0435,0.047,0.738,0.614,0.0399,173.974,4
spotify:track:13xDNcUNMt4L9y6ckxeQJ1,"Eyes Closed","Eyes Closed","Netsky",2010-04-12,379275,44,false,,2024-05-20T07:04:19Z,"drum and bass,liquid funk,chillstep","Allsorts",0.544,0.902,10,-5.262,0,0.0396,0.000251,0.102,0.116,0.272,174.035,4
spotify:track:3RcdfqhNwDvwgOPE6c0TRc,"Night After Night","Night After Night","Rogue",2014-07-09,236948,32,false,,2024-05-20T06:06:11Z,"dubstep,drumstep,future bass","Monstercat",0.586,0.971,1,-2.982,0,0.0797,0.0116,0.88,0.187,0.711,114.02,4
spotify:track:3AIFbkBcMBljrJyycI1cPe,"Jazz Chronicles","Reflections","Peshay",2018-06-08,367643,13,false,,2024-05-02T07:31:59Z,"jungle,drum and bass,liquid funk,breakbeat","De:tuned",0.567,0.924,9,-4.859,0,0.0565,0.000297,0.864,0.133,0.634,174.972,4
spotify:track:0wlP9jar68Ue8stiQyWQI9,"Simplicity","Aquarian Dreams","A Sides;Makoto",2015-07-13,323807,4,false,,2024-04-29T21:08:22Z,"liquid funk,drum and bass,jungle","Eastern Elements",0.447,0.907,9,-5.687,0,0.0343,0.0126,0.679,0.69,0.529,171.983,4
spotify:track:3jyK5hMlYzIZvMKQECSQjK,"Skyward Bound","Vintage","Utah Jazz",2010-07-05,248110,21,false,,2024-04-21T07:28:04Z,"liquid funk,drum and bass,jungle","Vintage Recordings",0.493,0.92,2,-3.771,1,0.044,0.000321,0.685,0.773,0.386,155.044,4
spotify:track:0A6oVlzGnLc5xYUvxKlbGs,"Affinity","People, Places & Things","Slide Five",1997-04-08,392000,3,false,,2024-04-21T07:09:15Z,"acid jazz","Ubiquity Records",0.44,0.257,7,-17.006,0,0.0891,0.208,0.898,0.14,0.356,164.019,4
spotify:track:4l5QqPF3apojs5JLCfKkeh,"Cascade","Transcentral Connection","Carlito",1996-10-07,382245,21,false,,2024-04-19T06:04:47Z,"liquid funk,jungle,drum and bass","Moving Shadow",0.575,0.625,11,-6.016,0,0.0541,0.0000527,0.898,0.0907,0.667,161.867,4
spotify:track:0Cte0MmaZoZeKkDcqrwEfC,"Baby","Late Night Blues","Big Bud",2001,262000,32,false,,2024-04-04T09:00:17Z,"jungle,drum and bass,liquid funk,breakbeat","goodlooking Records",0.751,0.667,11,-8.376,0,0.0406,0.0000465,0.939,0.126,0.528,126.027,4
spotify:track:7j62CefOKwRqNxd1gJepx3,"Distant Space","Producer 07","Big Bud",2013-01-28,465000,18,false,,2024-04-04T08:08:00Z,"jungle,drum and bass,liquid funk,breakbeat","goodlooking Records",0.644,0.753,8,-7.663,0,0.0344,0.0706,0.505,0.367,0.374,119.898,4
spotify:track:6bDe6IMM7ek4p9rBsRCdpr,"All Blues","Broken Soul","Redeyes",2018-09-28,181431,46,false,,2024-04-03T20:26:32Z,"liquid funk,drum and bass,jazz house,jungle","The North Quarter",0.699,0.409,1,-11.486,0,0.0412,0.303,0.936,0.107,0.624,120.012,4
spotify:track:1F4twwkNvIEC6njKIJ0jGn,"Searchin'","Aquarian Dreams","A Sides;Makoto",2015-07-13,338288,8,false,,2024-04-02T10:08:36Z,"liquid funk,drum and bass,jungle","Eastern Elements",0.458,0.906,11,-5.057,0,0.0468,0.00661,0.85,0.0539,0.652,174.012,4
spotify:track:06O27QYDWOzu9GAbah2miG,"The Mystics","Producer 02","PFM",2002,455306,36,false,,2024-04-02T09:49:27Z,"jungle,drum and bass,liquid funk,breakbeat","goodlooking Records",0.471,0.878,4,-10.281,0,0.0726,0.0021,0.889,0.0529,0.474,159.857,4
spotify:track:41HHlHckAtWfxvDEHUXrkN,"So Long","Keep It Unreal (10th Anniversary Analogue Remaster Edition)","Mr. Scruff",1999,253600,44,false,,2024-02-04T11:44:26Z,"electro swing,trip hop,nu jazz,downtempo,acid jazz","Ninja Tune",0.668,0.528,11,-10.047,0,0.0348,0.115,0.864,0.312,0.711,99.404,4
spotify:track:3cJQ8NPBcjILOPyuspYF6f,"Sign - Instrumental","Sign (Remixes)","Boozoo Bajou",2009-09-22,275453,18,false,,2024-02-04T11:39:29Z,"downtempo,nu jazz,trip hop,acid jazz,lounge","Pilotton",0.664,0.523,4,-7.276,0,0.0514,0.0158,0.819,0.735,0.726,157.995,4
spotify:track:3U7Kas8xOxx4gZYrtZvhcd,"Second Sight","Soulfood","Artemis",2013-01-28,243500,8,false,,2024-02-02T08:11:07Z,"trip hop,jungle","Cookin Records",0.714,0.846,11,-7.641,1,0.0451,0.000116,0.758,0.0918,0.965,109.893,4
spotify:track:5cZk0uwHNOVDo1X5frG7ra,"Mirror Image","Drum & Bass Arena 2013","Technimatic",2013-04-07,342088,0,false,,2024-01-27T02:20:10Z,"liquid funk,drum and bass,jungle","Drum&BassArena",0.493,0.936,10,-4.317,1,0.071,0.0137,0.909,0.213,0.257,174.988,4
spotify:track:7tOcPDj3vyopZ404pY6UuP,"Shooting Stars","Shooting Stars","Bag Raiders",2009-01-01,227026,66,false,,2024-01-23T10:05:33Z,"alternative dance","Modular",0.664,0.717,11,-5.699,1,0.0391,0.0528,0.000348,0.138,0.555,124.989,4
spotify:track:6GyFP1nfCDB8lbD2bG0Hq9,"Midnight City","Hurry up, We're Dreaming","M83",2011-10-17,243960,82,false,,2024-01-23T10:05:21Z,"","M83 Recording Inc",0.507,0.729,11,-5.399,0,0.0393,0.0182,0.0000014,0.0658,0.272,105.013,4
spotify:track:6bvw4SjN8akicQQDBDAoLN,"Will To Love","Power Ballads","London Elektricity",2005-10-03,356946,19,false,,2024-01-23T07:37:01Z,"liquid funk,drum and bass,jungle","Hospital Records",0.483,0.907,6,-6.347,1,0.0381,0.000818,0.00595,0.108,0.328,172.959,4
spotify:track:4bqsPg2vukHQ7Ucxctbtwv,"One Kind Of Blues","One Kind Of Blues","Lurch",2014-09-22,312555,22,false,,2024-01-22T15:50:34Z,"liquid funk,drum and bass,jungle","Think Deep Recordings",0.577,0.726,6,-10.007,1,0.143,0.00484,0.572,0.0654,0.274,175.048,4
spotify:track:1x5EwVEbXfLnIuPaMGVHEY,"Electric Winter Sky","Verona Highway","Submorphics",2022-07-15,281057,7,false,,2024-01-22T15:39:25Z,"liquid funk,drum and bass,jungle","The North Quarter",0.477,0.879,8,-5.874,0,0.0587,0.00269,0.824,0.0763,0.0451,173.055,4
spotify:track:3t6JUvcsEn7l8RWrPhiBGN,"You Must Follow - Evol Intent VIP","The Dungeonmaster's Guide (Disc 1)","Stratus;Evol Intent",2008-05-27,338960,44,false,,2024-01-15T07:33:25Z,"drum and bass,jungle,drumstep,dubstep","System Recordings / Human Imprint",0.505,0.98,11,-6.675,1,0.133,0.000103,0.427,0.824,0.31,170.022,4
spotify:track:27o6bkZRmb2y4OdhdpHZ5U,"Submission","Barrier Break","Dieselboy + Kaos",2003-11-18,460626,15,false,,2024-01-15T07:11:44Z,"drum and bass","System Recordings / Human Imprint",0.57,0.96,8,-8.092,0,0.0568,0.00123,0.852,0.324,0.47,175.027,4
spotify:track:4KQoJT0w4dnJQrhZSySPhe,"Barrier Break","Barrier Break","Dieselboy + Kaos",2003-11-18,435920,48,false,,2024-01-15T07:11:19Z,"drum and bass","System Recordings / Human Imprint",0.46,0.944,1,-8.836,1,0.168,0.00505,0.708,0.747,0.305,87.436,4
spotify:track:6w2ztRIIey4aHXet5E2lXV,"You Must Follow - Dieselboy + Kaos Remix","You Must Follow","Stratus;Dieselboy + Kaos",2003-03-03,474466,12,false,,2024-01-12T23:29:43Z,"drum and bass","System Recordings / Human Imprint",0.554,0.985,10,-6.387,0,0.17,0.000135,0.915,0.496,0.407,169.953,4
spotify:track:00HlXwKMXuSPgccgXKv4Xm,"Slow Down (feat. ROBB) - Paul SG Remix","Mosaik (REMIXED)","Camo & Krooked;Robb;Paul SG",2018-03-23,334951,10,false,,2024-01-12T14:11:15Z,"drum and bass,liquid funk,drumstep,dubstep,jungle","RAM Records",0.658,0.879,10,-2.467,0,0.0677,0.000486,0.858,0.339,0.652,174.023,4
spotify:track:6eKjfWF6l1CNPhogeDrLfb,"Wonderful Feeling","Liquid V Club Sessions, Vol. 4","Mr Joseph",2012-01-16,355083,9,false,,2024-01-12T11:58:08Z,"liquid funk,drum and bass,jungle","Liquid V",0.556,0.984,11,-3.817,0,0.0595,0.000711,0.000401,0.208,0.672,173.984,4
spotify:track:3CboywxfJIgvHqi2FF4exb,"Loverboy","Loverboy","A-Wall",2019-06-28,224520,1,false,,2024-01-04T17:11:51Z,"bedroom pop","Revolution Records",0.604,0.466,0,-10.093,1,0.0315,0.649,0.0334,0.093,0.499,120.045,4
spotify:track:3r6woB5sAS6Hy5vUeEvQnj,"Secrets - Instrumental Mix","Progression Sessions 7 (Live in Japan)","Kymera",2013-01-28,431500,8,false,,2023-12-12T11:56:10Z,"jungle,liquid funk,drum and bass","goodlooking Records",0.637,0.889,2,-4.41,0,0.0646,0.0251,0.87,0.111,0.964,174.029,4
spotify:track:0pkJHXRp6a9PmkQj5LkYk8,"Chase","Action Cuts","Kevin MacLeod",2014-12-27,132675,14,false,,2023-12-08T18:12:36Z,"","Incompetech",0.533,0.325,7,-22.246,1,0.0978,0.348,0.868,0.0782,0.3,149.047,4
spotify:track:0Ba3iYwYr5K4qsDgEfrE48,"Vespertine","Vespertine","Note;aya dia",2023-07-28,280000,32,false,,2023-11-30T19:38:19Z,"liquid funk,drum and bass","The North Quarter",0.572,0.62,3,-6.441,0,0.18,0.0492,0.000333,0.109,0.266,174.092,4
spotify:track:1Nrlr5eARO9JxZthIgucdv,"Don't Look Down","Resistance","Break;Calyx;TeeBee",2010-09-29,341729,19,false,,2023-11-30T18:31:32Z,"drum and bass,jungle,liquid funk","Symmetry Recordings",0.497,0.937,5,-4.834,0,0.0602,0.0000768,0.679,0.843,0.108,174.008,4
spotify:track:3RnUSvm7HVVaT7V9u0WoOW,"Rotation","Method / Rotation","Total Science",1996-12-21,566011,29,false,,2023-11-24T09:27:56Z,"drum and bass,jungle,liquid funk","Computer Integrated Audio",0.618,0.883,0,-8.962,1,0.0563,0.000935,0.287,0.124,0.0505,163.799,4
spotify:track:5GcwsPvZmDYCaRItLu6CLL,"Resolution","Producer 04","Tayla",2002,427500,40,false,,2023-11-24T09:17:32Z,"jungle,liquid funk,drum and bass,breakcore,breakbeat","goodlooking Records",0.492,0.809,4,-7.522,0,0.0463,0.000584,0.92,0.31,0.0378,165.16,4
spotify:track:5fiTSL6cn6UBfaOnthWxEM,"Rhodes to Freedom","Journey Inwards","LTJ Bukem",2000,549733,36,false,,2023-11-24T06:57:22Z,"jungle,drum and bass,liquid funk,breakbeat,downtempo,breakcore","goodlooking Records",0.503,0.661,2,-7.279,0,0.0356,0.068,0.397,0.276,0.156,169.989,4
spotify:track:1OELC8WgmI5jPAT37XWz9l,"Overhead Projections","The Secret Art of Science","Blame;DJ DB",2001-07-31,198817,19,false,,2023-11-24T06:38:09Z,"jungle,dubstep,drum and bass,liquid funk,breakbeat","Breakbeat Science",0.581,0.662,4,-8.472,0,0.0631,0.0000171,0.825,0.323,0.478,176.595,4
spotify:track:1r4273Ndt3C2XTafGSSr03,"Stargazing","Producer 04","Tayla",2002,414266,43,false,,2023-11-23T14:45:46Z,"jungle,liquid funk,drum and bass,breakcore,breakbeat","goodlooking Records",0.651,0.496,8,-14.134,0,0.0517,0.0465,0.928,0.067,0.183,94.064,4
spotify:track:0jeUBf8cbpN1C6oQDVHuBx,"Soft Focus","Producer 04","Artemis;Tayla",2002,277500,36,false,,2023-11-23T14:17:55Z,"trip hop,jungle,liquid funk,drum and bass,breakcore,breakbeat","goodlooking Records",0.588,0.447,2,-11.223,1,0.0356,0.0169,0.782,0.0969,0.128,103.519,4
spotify:track:2bNcI3o4gUbHQYoNkUJkrG,"Faith","Earth, Vol. 1","Subject 13",2013-01-28,298500,27,false,,2023-11-22T08:52:07Z,"jungle,drum and bass,liquid funk,experimental jazz","Earth Records",0.62,0.83,9,-9.341,0,0.0406,0.0367,0.898,0.0648,0.796,160.825,4
spotify:track:49LEjOtuNavbyEDa81CgTX,"Silver Dawn","Earth, Vol. 2","Artemis",2013-01-28,342500,39,false,,2023-11-21T11:04:37Z,"trip hop,jungle","Earth Records",0.667,0.953,1,-5.53,0,0.07,0.0115,0.705,0.0992,0.374,89.922,4
spotify:track:3WDXGTSmxdsacjDr0nehqe,"First Light","Earth, Vol. 3","Artemis",2013-01-28,315500,22,false,,2023-11-21T09:42:32Z,"trip hop,jungle","Earth Records",0.669,0.952,11,-7.669,1,0.0538,0.00506,0.817,0.0921,0.928,121.906,4
spotify:track:1YsHObmzGo9iipfoKgrwEF,"Sister Stalking","Sister Stalking","London Elektricity",1996-10-28,410093,11,false,,2023-11-21T09:10:36Z,"liquid funk,drum and bass,jungle","Hospital Records",0.502,0.788,11,-12.484,0,0.0425,0.00342,0.593,0.712,0.894,162.006,4
spotify:track:1mfYKwPpHGYjr6rhPNj6TP,"You Ain't The One","Tell Me Now EP","Jaybee;Random Movement;MC Fats",2021-10-28,332475,0,false,,2023-11-10T07:01:46Z,"liquid funk,drum and bass,jungle","Flight Pattern Records",0.607,0.903,6,-5.452,1,0.0715,0.000324,0.552,0.263,0.703,174.996,4
spotify:track:2mDGhn1uBk2ehj4q5foh9b,"Westchester Lady","Three","Bob James",1976-09-02,448466,38,false,,2023-11-08T16:32:45Z,"smooth jazz,jazz funk,jazz fusion,jazz,cool jazz","evosound / Tappan Zee",0.766,0.705,9,-8.92,0,0.0436,0.4,0.628,0.083,0.855,107.422,4
spotify:track:4URLJkB6D5QxvOB7H3kmGI,"Hard Work","Hard Work","John Handy",1976-01-01,417960,39,false,,2023-11-08T16:10:51Z,"acid jazz,jazz funk","Verve Reissues",0.794,0.765,7,-7.209,0,0.0547,0.19,0.825,0.0769,0.769,131.959,4
spotify:track:12JjIY05DCp4PtGFNoefef,"Wade In The Water","Thankful","Mary Mary",2000-04-25,269333,28,false,,2023-11-08T15:45:00Z,"gospel,christian r&b","Columbia/C2Records",0.465,0.818,8,-6.988,1,0.134,0.0673,0.000083,0.147,0.658,173.737,4
spotify:track:725WgGSrddxd9gr8SXITUI,"Thank You for Saving Mee","Satan Is in Trouble","Voice of the Cross;Brothers Emmanuel;Lazarus",2018-12-06,372186,32,false,,2023-11-01T19:18:22Z,"gospel,highlife,italo disco,christian hip hop","Cho Cho Records",0.609,0.555,0,-6.95,1,0.0363,0.234,0.0017,0.173,0.769,102.738,3
spotify:track:6046ubTElltXWIVGb6VUQp,"If I Start to Talk (feat. Dr Sid)","R.E.D (Deluxe Edition)","Tiwa Savage;Dr SID",2016-02-23,234880,0,false,,2023-10-26T07:34:23Z,"afrobeats,afrobeat,afropop,azonto,afropiano,afro r&b,hiplife,afroswing","Mavin Records/ 323 Entertainment",0.703,0.882,9,-3.732,0,0.0671,0.0496,0,0.0926,0.794,99.993,4
spotify:track:0YnPw7wK4xuXsXwdUcaUpD,"Should I","Should I","DJ Marky",2019-08-22,258169,37,false,,2023-10-24T13:18:41Z,"liquid funk,drum and bass,jungle","Innerground Records",0.606,0.954,2,-2.896,1,0.0442,0.000633,0.768,0.0598,0.752,173.035,4
spotify:track:4lHQXaOq1lBSQWCQ8QtkOA,"Waterlogged","Lucky Guess Single - Pt. 1","Random Movement",2010-09-13,416973,5,false,,2023-10-24T10:15:10Z,"liquid funk,drum and bass,jungle","Innerground Records",0.443,0.954,9,-7.879,1,0.0698,0.00279,0.772,0.397,0.316,172.991,4
spotify:track:2MsMfqJC60iAXI6Y6O35Ot,"A Good Start Is Saying No","Her Song EP","Random Movement",2008-03-30,325546,6,false,,2023-10-24T10:00:44Z,"liquid funk,drum and bass,jungle","Innerground Records",0.627,0.99,8,-5.204,0,0.0685,0.00376,0.868,0.678,0.406,172.999,4
spotify:track:4iD6Ubz3Q3tUmpwIW9zTJA,"How Many Ways","Poetry in Motion","Redeyes;Random Movement",2008,329306,7,false,,2023-10-24T09:08:19Z,"liquid funk,drum and bass,jazz house,jungle","Spearhead Records",0.437,0.808,6,-9.323,1,0.0564,0.00354,0.833,0.107,0.392,172.004,4
spotify:track:6vbBwAaCAb47BruC58GUpK,"Your Dancing Feat","Your Dancing Feat / I'm Nobody's Fool","Random Movement",2013-06-24,383201,2,false,,2023-10-23T18:55:59Z,"liquid funk,drum and bass,jungle","Rubik Records",0.696,0.978,6,-4.656,1,0.214,0.0022,0.679,0.13,0.805,174.98,4
spotify:track:22hPiBu78CCq95XQqQNDcW,"How to call on God","How to call on God","Apostle Joshua Selman",2023-04-25,1272917,35,false,,2023-10-14T14:10:23Z,"gospel","TikTokk",0.444,0.455,2,-12.047,0,0.324,0.32,0,0.269,0.266,82.932,3
spotify:track:32LnuWmPHpCtfQ0WxPJZI1,"Crossing the Threshold","Ghostpocalypse","Kevin MacLeod",2014-12-21,108564,10,false,,2023-10-12T12:32:24Z,"","incompetech",0.514,0.0158,9,-27.567,0,0.0644,0.964,0.785,0.0691,0.0796,111.592,3
spotify:track:1Vy1UihnY0JmXHuqcMaIeC,"Darkling","Destruction Device","Kevin MacLeod",2017-06-27,169743,4,false,,2023-10-12T12:31:18Z,"","642414 Records DK",0.741,0.62,8,-9.672,1,0.0314,0.0476,0.867,0.096,0.671,140.021,4
spotify:track:4xs3G7B5jK08DB9AvVy5o9,"Malicious","Destruction Device","Kevin MacLeod",2017-06-27,222902,5,false,,2023-10-12T12:30:54Z,"","642414 Records DK",0.454,0.394,0,-13.347,0,0.0388,0.33,0.834,0.364,0.392,140.264,4
spotify:track:3NxJuizpJGd4HDROEm7Vb6,"Failing Defense","The Descent","Kevin MacLeod",2014-12-25,105508,12,false,,2023-10-12T12:30:17Z,"","Incompetech",0.547,0.445,4,-12.844,0,0.0533,0.841,0.491,0.215,0.472,173.052,4
spotify:track:6p35PU7nz69MGyVVsmRmyu,"Dangerous","Action Cuts","Kevin MacLeod",2014-12-27,58174,14,false,,2023-10-12T12:28:01Z,"","Incompetech",0.447,0.467,10,-23.108,1,0.0495,0.507,0.762,0.105,0.0926,75.725,4
spotify:track:0H3luH3gQig4Yy4mnEgF0u,"Evil March","Action Cuts","Kevin MacLeod",2014-12-27,71026,13,false,,2023-10-12T12:27:40Z,"","Incompetech",0.437,0.298,10,-12.63,1,0.0279,0.368,0.673,0.0547,0.0407,100.522,4
spotify:track:5kHYc77kAgfw1K59dFyZP6,"Second Coming","Virtutes Instrumenti","Kevin MacLeod",2014-01-01,131787,17,false,,2023-10-12T12:27:08Z,"","Incompetech",0.145,0.2,4,-14.367,0,0.0343,0.641,0.853,0.301,0.0363,139.199,3
spotify:track:0XW4AwNQkPpbFeXE6uyKsn,"We Got Trouble","The Descent","Kevin MacLeod",2014-12-25,281234,4,false,,2023-10-12T12:26:47Z,"","Incompetech",0.317,0.0309,11,-27.465,0,0.0356,0.771,0.624,0.125,0.18,71.203,5
spotify:track:4se7ZKxWTar7uTumcoBPiR,"Five Armies","The Descent","Kevin MacLeod",2014-12-25,155846,28,false,,2023-10-12T12:26:09Z,"","Incompetech",0.503,0.395,1,-11.396,1,0.0369,0.769,0.936,0.0886,0.0595,114.004,3
spotify:track:6680zWaO1MfjOmeOMPXrd9,"The Descent","The Descent","Kevin MacLeod",2014-12-25,191764,22,false,,2023-10-12T12:24:09Z,"","Incompetech",0.462,0.337,4,-16.869,0,0.0268,0.538,0.938,0.13,0.205,103.034,4
spotify:track:7kt7GLd95mLMh4rttSiTH2,"Oppressive Gloom","Video Classica","Kevin MacLeod",2014-01-01,199392,27,false,,2023-10-12T12:23:28Z,"","Incompetech",0.301,0.191,0,-24.961,1,0.0423,0.707,0.868,0.108,0.13,117.842,4
spotify:track:469qkKWpPVQtsn8GSTUa6Q,"Anguish","Sadness","Kevin MacLeod",2014-12-25,239098,26,false,,2023-10-12T10:55:47Z,"","Incompetech",0.32,0.0114,1,-31.259,1,0.0354,0.977,0.831,0.0721,0.032,136.542,4
spotify:track:1l7bKxkdTymsFbxWzsK3vw,"The City Gates","The Elder Scrolls V: Skyrim: Original Game Soundtrack","Jeremy Soule",2013-01-31,226058,7,false,,2023-10-12T10:42:39Z,"medieval,soundtrack","Bethesda Softworks",0.0977,0.211,7,-18.282,0,0.0376,0.953,0.811,0.281,0.0391,84.25,4
spotify:track:2e23sUVWnCmD7yyFWE4pbq,"STAND","Top 100 Christian Songs","Newsboys;TobyMac",2022-02-28,203924,14,false,,2023-10-11T04:59:33Z,"christian,christian rock,ccm,worship,christian alternative rock,christian pop,christian hip hop,christian edm","UME - Global Clearing House",0.443,0.728,1,-3.982,1,0.0371,0.208,0,0.0663,0.22,158.003,3
spotify:track:3mOS0Y95oS0NiuU4g0z9Gg,"Sunday Sermons","Top 100 Christian Songs","Anne Wilson",2022-02-28,200440,15,false,,2023-10-11T04:45:24Z,"country christian,christian,worship,ccm","UME - Global Clearing House",0.417,0.738,0,-6.815,1,0.0615,0.0909,0,0.577,0.469,195.985,4
spotify:track:75MTDFdX4PiwTgUjQ13tJJ,"The Best Is Yet To Come","Top 100 Christian Songs","Mack Brock;Pat Barrett",2022-02-28,258747,19,false,,2023-10-11T04:38:17Z,"worship,christian,ccm","UME - Global Clearing House",0.56,0.646,9,-4.599,1,0.0308,0.101,0,0.0741,0.142,136.998,4
spotify:track:7xD70Yjhp3GWt4F53UbdRP,"Firm Foundation (He Won’t)","Top 100 Christian Songs","Cody Carnes",2022-02-28,382174,18,false,,2023-10-11T04:30:36Z,"worship,christian","UME - Global Clearing House",0.236,0.663,10,-5.192,1,0.0526,0.0293,0,0.104,0.147,78.809,3
spotify:track:04iceHU8GyM78darAtEZuS,"Meteorites - Danny Byrd Remix","Yikes! Remixes!!","London Elektricity;Elsa Esmeralda",2011-07-29,316350,19,false,,2023-10-02T09:25:24Z,"liquid funk,drum and bass,jungle","Hospital Records",0.382,0.94,7,-4.491,1,0.0576,0.0473,0.299,0.2,0.305,172.979,4
spotify:track:18IVOQQ6apJcij5vHgWmEz,"Just One Second - Apex Remix","Sick Music","London Elektricity;Apex",2009-06-29,377840,46,false,,2023-10-02T09:17:27Z,"liquid funk,drum and bass,jungle","Hospital Records",0.429,0.838,1,-7.443,0,0.045,0.000466,0.00172,0.117,0.156,172.957,4
spotify:track:2weaJ1ydWiYzoBIRSve7CQ,"Back and Forth","Back and Forth","Haywyre",2013-09-06,262319,26,false,,2023-09-28T09:58:31Z,"future bass","Haywyre",0.73,0.801,6,-5.325,1,0.24,0.00536,0.000525,0.0842,0.706,89.974,4
spotify:track:3xsOtNxtBW0oTI1OWKAzTm,"Walk on By","Make Way for Dionne Warwick","Dionne Warwick",1964,178333,68,false,,2023-09-27T21:19:22Z,"","Rhino",0.7,0.33,5,-9.027,1,0.0303,0.719,0.000086,0.136,0.524,98.605,4
spotify:track:0pxj61ojRSTvX9akSUSBJP,"Home Is a Dream","Socha","Draper",2018-01-26,205714,27,false,,2023-09-26T12:51:16Z,"chillstep","Nettwerk Music Group",0.612,0.542,10,-11.943,0,0.062,0.29,0.856,0.598,0.454,139.998,4
spotify:track:3SJu8Tv1AKSXmI2RdmFw1C,"Into You","Socha","Draper",2018-01-26,221379,3,false,,2023-09-26T12:51:00Z,"chillstep","Nettwerk Music Group",0.641,0.382,11,-13.585,0,0.186,0.613,0.927,0.142,0.219,116.053,4
spotify:track:6ffy2TpvGfveypSfsuHX3t,"Break Over You - Rawlin Remix","Break Over You (Remixes)","Draper;Prides;Rawlin",2016-08-12,214000,0,false,,2023-09-26T12:48:58Z,"chillstep","Emprise Records",0.505,0.646,9,-8.163,1,0.257,0.009,0.0676,0.145,0.183,163.925,4
spotify:track:2o82iJuq3PY7aceJsoHWQe,"Ready For Us","Ready For Us","Draper;Sykes",2016-06-29,150447,20,false,,2023-09-26T12:48:16Z,"chillstep","Emprise Records",0.687,0.757,2,-4.771,1,0.0293,0.121,0.00109,0.0541,0.156,99.998,4
spotify:track:4uJ3mJA7zwHPDaaakWG6n9,"Break Over You","Break Over You","Draper;Prides",2016-04-04,188050,0,false,,2023-09-26T12:47:38Z,"chillstep","Emprise Records",0.639,0.849,4,-4.539,1,0.0647,0.0627,0.000679,0.116,0.301,94.888,4
spotify:track:14n3v8EHxNX0poD2MXgK6g,"All I See","All I See","Draper;Laura Brehm",2016-01-11,204425,3,false,,2023-09-26T12:46:26Z,"chillstep","Emprise Records",0.669,0.759,1,-6.031,1,0.0424,0.0766,0.00602,0.117,0.407,100.028,4
spotify:track:29o5LbAxbMtdXAAHkwm8vn,"Together","Ambedo","Draper",2015-12-27,158400,1,false,,2023-09-26T12:44:40Z,"chillstep","Emprise Records",0.755,0.659,9,-6.986,1,0.0677,0.0118,0.827,0.0621,0.369,100.02,4
spotify:track:2QZnq2nyFSY6ycgv5q4nNJ,"Moving","Ambedo","Draper",2015-12-27,57600,0,false,,2023-09-26T12:44:31Z,"chillstep","Emprise Records",0.31,0.563,9,-7.841,1,0.0444,0.779,0.922,0.116,0.1,100.033,4
spotify:track:4OK3emXTlgzjXQXxGe9ExJ,"Chrysalis","Chrysalis","Draper;Protostar",2015-08-10,285318,20,false,,2023-09-26T12:44:12Z,"chillstep,drum and bass,drumstep","Emprise Records",0.57,0.589,11,-6.928,0,0.0412,0.014,0.825,0.143,0.0698,105.016,4
spotify:track:1LXgnsCb2hlbtI6Gws9JIm,"With You","Perspectives","Draper;Alby Hobbs",2014-09-12,246476,16,false,,2023-09-26T12:43:02Z,"chillstep","Emprise Records",0.713,0.729,11,-6.931,1,0.0379,0.00879,0.516,0.0834,0.205,125.013,4
spotify:track:56INYLJEjGVFHenRIYVSjQ,"Be","Glossolody","Draper",2015-01-09,180000,0,false,,2023-09-26T12:41:16Z,"chillstep","Emprise Records",0.829,0.561,1,-9.532,0,0.0919,0.000468,0.128,0.0963,0.425,160.023,4
spotify:track:7EY2TAJqEdAEJhReAF2D6w,"On You","On You","Draper;Alby Hobbs",2015-07-29,223486,19,false,,2023-09-26T12:37:42Z,"chillstep","Emprise Records",0.567,0.497,11,-6.554,0,0.335,0.296,0.00029,0.0951,0.335,99.483,5
spotify:track:02ojlT0piwlLIXGNaGh3is,"Inertia","Inertia","Draper",2015-04-10,287312,1,false,,2023-09-26T12:37:10Z,"chillstep","Emprise Records",0.269,0.945,11,-4.319,0,0.496,0.00351,0.317,0.0813,0.163,173.761,4
spotify:track:2yhgLd4IFpOJgZT0rj56h9,"Nostalgia","The Introduction","Draper",2010-11-30,286714,0,false,,2023-09-26T11:59:23Z,"chillstep","The Music Federation",0.624,0.823,10,-6.122,1,0.0488,0.014,0.72,0.0885,0.394,139.99,4
spotify:track:5Gp2779W5p9qN3idmx0nLQ,"Rattlesnake","Rattlesnake","Rogue",2015-02-16,270907,37,false,,2023-09-26T10:34:32Z,"dubstep,drumstep,future bass","Monstercat",0.467,0.99,11,-3.236,0,0.266,0.00403,0.803,0.377,0.214,175.095,4
spotify:track:0SVfyzybeJYu7M7PDlttDX,"Drive Away","Drive Away","Rogue",2015-12-18,298840,21,false,,2023-09-26T10:22:35Z,"dubstep,drumstep,future bass","Monstercat",0.532,0.923,0,-4.295,0,0.0559,0.00248,0.205,0.15,0.127,113.021,4
spotify:track:2B7iAtlP4hhP1kUGt305cG,"Mirage","Mirage","Rogue",2018-07-20,288870,25,false,,2023-09-26T09:53:48Z,"dubstep,drumstep,future bass","Monstercat",0.489,0.908,9,-5.19,0,0.0709,0.0101,0.000104,0.108,0.473,155.121,4
spotify:track:3NFMtvHUocNUXguNAS3Z5q,"Fusion","Fusion","Rogue",2020-07-31,215081,36,false,,2023-09-26T09:53:37Z,"dubstep,drumstep,future bass","Monstercat",0.445,0.886,0,-5.96,1,0.0895,0.0115,0.000094,0.127,0.415,174.983,4
spotify:track:5gTUjUvdTxAbgTW0FZPb8i,"Want You More","Luminous","Draper;Sam Sure",2017-01-13,199390,0,false,,2023-09-26T09:32:40Z,"chillstep","The Music Federation",0.63,0.877,6,-5.716,1,0.0959,0.00152,0.00232,0.339,0.702,123.931,4
spotify:track:2JUNwx3qKeKiNntIKK2rBg,"Sculpted","Two Fold Pt. 1","Haywyre",2014-03-31,242906,31,false,,2023-09-26T09:22:26Z,"future bass","Haywyre",0.502,0.914,9,-5.08,1,0.26,0.00876,0.415,0.11,0.527,165.907,4
spotify:track:7I2WxS94I9LWQSg1ACHOTN,"Northbound","Northbound","Paul Grant;Jonny Tobin",2021-07-07,135999,23,false,,2023-09-26T08:34:29Z,"jazz beats,nu jazz","PG & JT",0.621,0.328,9,-14.301,1,0.0457,0.958,0.952,0.128,0.497,90,4
spotify:track:6KPhqkKDVJha7FepeEYEah,"Down Somehow","Sounds Of The Innerground Part 2","Random Movement",2013-04-01,319241,18,false,,2023-09-22T12:17:19Z,"liquid funk,drum and bass,jungle","Innerground Records",0.832,0.805,1,-4.991,1,0.755,0.0000978,0.00734,0.0624,0.857,174.969,4
spotify:track:7sYUuixJmMYtqvKI4ohvKe,"Still Ain't Changed","Life is Permanent EP","Random Movement",2017-04-27,324948,5,false,,2023-09-22T12:16:01Z,"liquid funk,drum and bass,jungle","Flight Pattern Records",0.683,0.832,4,-4.187,0,0.0866,0.0000632,0.812,0.0845,0.8,173.983,4
spotify:track:4HmCuTojoJ3zMGkAHAplB8,"Good Enough","Liquid V Club Sessions, Vol. 5 (Presented by Bryan Gee)","Random Movement;JaybEE",2013-10-28,383217,9,false,,2023-09-22T12:15:47Z,"liquid funk,drum and bass,jungle","Liquid V",0.585,0.975,6,-4.311,1,0.0426,0.0000991,0.909,0.204,0.643,175.067,4
spotify:track:4g1jcPGfWAVxqft2bHnO6K,"Feels Like It Used To","Lost On Purpose","Random Movement",2019-10-18,332708,5,false,,2023-09-22T12:15:40Z,"liquid funk,drum and bass,jungle","Flight Pattern Records",0.623,0.802,7,-4.587,1,0.0492,0.0079,0.812,0.0828,0.291,171.984,4
spotify:track:3ASebPSgKDMIyTzRrp0n5B,"Got 2 Have U","Liquid Drum and Bass Sessions 2019 Vol 2","Dave Owen;Revival;Glen E Ston",2019-07-15,353103,9,false,,2023-09-22T12:00:49Z,"liquid funk,drum and bass,jungle","Fokuz Recordings",0.686,0.722,7,-6.149,1,0.0585,0.0606,0.32,0.134,0.411,173.973,4
spotify:track:5LeYzdgtBPqs8DUPQ5R13t,"Still Waters","Still Waters / Feeling Kinda Blue","Dave Owen",2010-05-03,398386,0,false,,2023-09-22T11:14:43Z,"liquid funk,drum and bass,jungle","Influence Records",0.566,0.938,0,-5.442,0,0.0561,0.000086,0.856,0.0813,0.399,170.989,4
spotify:track:4gRLiE1hybMPoLY89z6KDe,"To My Galaxy - Original Mix","V/A On A Mission EP","Electrosoul System",2011-02-25,343609,19,false,,2023-09-21T08:17:50Z,"liquid funk,drum and bass,jungle","Kos.Mos.Music",0.341,0.668,6,-6.797,0,0.0497,0.00629,0.64,0.132,0.163,84.904,4
spotify:track:2QJVqFM0C69XcrCvsCKYIu,"On The Nile - 2017 Remaster","On The Nile (2017 Remaster)","Peshay",2017-09-15,502348,40,false,,2023-09-20T23:57:36Z,"jungle,drum and bass,liquid funk,breakbeat","Metalheadz",0.597,0.746,10,-5.865,0,0.0435,0.0026,0.834,0.0782,0.452,165.251,4
spotify:track:6D93ZPjfc9MWzyDR5ys6N3,"Knee Deep","Reflections","Peshay",2018-06-08,400124,6,false,,2023-09-20T23:27:59Z,"jungle,drum and bass,liquid funk,breakbeat","De:tuned",0.419,0.951,11,-4.827,1,0.0337,0.0000295,0.38,0.0589,0.714,175,4
spotify:track:5JrFicKyRqb9XjCdRGhopi,"Feel It","Reflections","Peshay",2018-06-08,396312,10,false,,2023-09-20T23:03:04Z,"jungle,drum and bass,liquid funk,breakbeat","De:tuned",0.56,0.928,8,-4.103,0,0.0642,0.0716,0.86,0.147,0.485,168.066,4
spotify:track:105z986Zz30FWmxhXlzBlR,"Solar","Generation","Peshay",2013-01-01,281706,0,false,,2023-09-20T21:39:03Z,"jungle,drum and bass,liquid funk,breakbeat","Tru Thoughts",0.653,0.95,0,-4.52,0,0.0703,0.0143,0.569,0.111,0.837,125.029,4
spotify:track:3KxgUd4xr2m0QuQ1LZPci8,"Daydreaming","Generation","Peshay",2013-01-01,328973,0,false,,2023-09-20T21:16:13Z,"jungle,drum and bass,liquid funk,breakbeat","Tru Thoughts",0.685,0.46,8,-6.514,1,0.0422,0.00374,0.498,0.125,0.368,90.002,4
spotify:track:4Kkh9C7HzythvPzBvRQ4qR,"Fall for You","Funkster","Peshay;Natalie Reece",2013-03-04,398713,5,false,,2023-09-20T20:03:12Z,"jungle,drum and bass,liquid funk,breakbeat","Liquid V",0.533,0.981,8,-2.932,1,0.0535,0.00583,0.0291,0.466,0.748,88.478,4
spotify:track:51d9g9EXyGJeXnK9ZCwLby,"Boogaloo","Funkster","Peshay",2013-03-04,447915,6,false,,2023-09-20T19:38:40Z,"jungle,drum and bass,liquid funk,breakbeat","Liquid V",0.498,0.903,4,-2.872,0,0.0389,0.0162,0.44,0.0899,0.694,174.988,4
spotify:track:69yhCKyMEzdXALY7AEOyeH,"Movin' On","Movin' On","Peshay;Krazeman",2023-08-18,426091,0,false,,2023-09-17T00:27:51Z,"jungle,drum and bass,liquid funk,breakbeat","Peshay Music",0.493,0.927,10,-4.75,0,0.044,0.00043,0.738,0.105,0.115,165.008,4
spotify:track:2Q9F3D53QeclwbsY24cuxO,"Incredible","Knowledge","M-Beat;General Levy",1996,269866,56,false,,2023-09-16T23:45:49Z,"jungle,drum and bass,ragga,uk garage","Renk Records",0.807,0.903,4,-11.09,1,0.113,0.211,0.00000313,0.0565,0.94,165.034,4
spotify:track:0V7ogB2hYyJfQyH02hiPis,"Sunlight (Edit) (feat. Lady Blackbird)","Sunlight","Goldie;James Davidson;Subjective;Lady Blackbird",2021-11-12,196403,17,false,,2023-09-16T23:31:42Z,"jungle,drum and bass,breakbeat,liquid funk,retro soul","Masterworks",0.525,0.976,11,-3.136,0,0.106,0.0846,0.00567,0.0962,0.178,155.004,4
spotify:track:4FtJFhfo4HI2BapCYunmJs,"Angel","Timeless","Goldie",1995-01-01,298293,38,false,,2023-09-16T23:31:06Z,"jungle,drum and bass,breakbeat,liquid funk","London Records (Because Ltd)",0.671,0.949,8,-7.276,0,0.216,0.0233,0.0332,0.076,0.286,149.983,4
spotify:track:1uW19A3eG7RFeOG5v4M4mT,"Sky Turns Black","Satl & Friends Vol.2","Satl;Anthony Kasper;Lurch",2016-11-14,342068,21,false,,2023-09-16T21:53:47Z,"liquid funk,drum and bass,jungle","Fokuz Recordings",0.623,0.747,2,-5.02,0,0.0423,0.000609,0.2,0.084,0.56,87.004,4
spotify:track:6ZC77YsCfeRih4xarorpde,"Feel The Night - Original Mix","Feel The Night","Lurch",2014-06-23,301706,27,false,,2023-09-16T21:10:56Z,"liquid funk,drum and bass,jungle","Soul Deep Recordings",0.649,0.865,4,-5.865,1,0.0499,0.00205,0.532,0.0846,0.6,175.031,4
spotify:track:1gyPafql9rZ7Onm3tQsZRF,"Constellation","Producer 01","LTJ Bukem;DRS",2013-01-28,292000,34,false,,2023-09-14T09:45:47Z,"jungle,drum and bass,liquid funk,breakbeat,downtempo,breakcore","goodlooking Records",0.608,0.707,10,-6.794,0,0.14,0.351,0,0.126,0.422,157.956,3
spotify:track:7IXc4pZYZ7UpEX2XiBYErZ,"Demons Theme Part II","Producer 05","LTJ Bukem",2002,226500,50,false,,2023-09-13T19:38:45Z,"jungle,drum and bass,liquid funk,breakbeat,downtempo,breakcore","goodlooking Records",0.46,0.997,11,-6.95,0,0.071,0.000514,0.716,0.0783,0.593,144.85,4
spotify:track:7wtbNjffWUtcDKoDDZ3PNj,"Hazel Street - Original Mix","Future Classics EP","Submorphics",2013-06-16,251428,0,false,,2023-09-11T16:39:21Z,"liquid funk,drum and bass,jungle","Innerground Records",0.529,0.933,7,-5.632,1,0.0511,0.0000534,0.899,0.0669,0.557,173.009,4
spotify:track:2GiOVDQkchyBfT6nQDr2BH,"Deserted Vault - Instrumental","Journey Inwards","LTJ Bukem",2000,193500,28,false,,2023-09-11T16:37:00Z,"jungle,drum and bass,liquid funk,breakbeat,downtempo,breakcore","goodlooking Records",0.518,0.464,5,-9.593,0,0.0278,0.0196,0,0.132,0.344,179.91,4
spotify:track:3iLyAY6mucjT2lxrtincYz,"Journey Inwards","Journey Inwards","LTJ Bukem",2000,314000,48,false,,2023-09-11T15:25:27Z,"jungle,drum and bass,liquid funk,breakbeat,downtempo,breakcore","goodlooking Records",0.613,0.616,8,-9.56,0,0.0575,0.154,0.929,0.105,0.335,110.181,4
spotify:track:1TYn37TLsHushlGeaCzlts,"Cosmic Interlude","LTJ Bukem's Best of goodlooking Playlist","LTJ Bukem",2013-05-06,537000,32,false,,2023-09-11T15:19:30Z,"jungle,drum and bass,liquid funk,breakbeat,downtempo,breakcore","goodlooking Records",0.462,0.87,7,-4.636,1,0.0374,0.024,0.781,0.0812,0.275,111.91,4
spotify:track:5Xus9GzulSYJyz1YNVwMsR,"Moodswings","Producer 01","LTJ Bukem",2013-01-28,474500,44,false,,2023-09-11T14:50:35Z,"jungle,drum and bass,liquid funk,breakbeat,downtempo,breakcore","goodlooking Records",0.627,0.685,10,-10.731,0,0.0367,0.00684,0.84,0.0867,0.063,105.238,4
spotify:track:33zBEW0jzjTLKYDYtEnOtX,"Sometimes","Sometimes","Technimatic",2019-02-15,271724,11,false,,2023-09-11T10:06:18Z,"liquid funk,drum and bass,jungle","Shogun Audio",0.448,0.968,7,-3.727,0,0.049,0.000145,0.618,0.531,0.0597,119.314,5
spotify:track:57DjgTpHlMqBdaPtuugOwS,"Tell Me","Fourfit EP 05","Tokyo Prose",2015-10-09,320000,0,false,,2023-09-11T10:04:45Z,"liquid funk,drum and bass,jungle","Soul:R",0.627,0.757,10,-5.553,0,0.065,0.0297,0.598,0.107,0.0763,174.056,4
spotify:track:6jO4uy595sAigCrkKJIhdU,"Camdino Soul","Time For Change","Soul II Soul",1997-01-01,464160,28,false,,2023-09-11T00:51:54Z,"new jack swing","UMC (Universal Music Catalogue)",0.767,0.924,1,-6.647,1,0.0534,0.00188,0.861,0.102,0.765,124.86,4
spotify:track:3lQdV3H74ltG1OrQ3LbdDy,"Life Is Good (Technimatic Remix)","Nothin Is Easy (Deluxe Edition)","Ephemerals;Technimatic",2015-06-29,263600,0,false,,2023-09-11T00:45:29Z,"retro soul,liquid funk,drum and bass,jungle","Jalapeno Records",0.557,0.772,5,-7.463,0,0.0471,0.000111,0.846,0.108,0.678,173.982,4
spotify:track:3bClqpozsbYUROS4qYQJNd,"Piano Funk - Original Mix","Piano Funk","Total Science;S.P.Y;Riya;DāM-FunK",2012-04-16,358000,29,false,,2023-09-11T00:30:18Z,"drum and bass,jungle,liquid funk,g-funk,funk","Toolroom",0.518,0.951,8,-4.023,0,0.0353,0.0133,0.0583,0.17,0.375,87.008,4
spotify:track:0LS0YiPHggOKZxt0PRQYbB,"Shining Lights","Vocal Sessions","Sunny Crimea",2012-07-23,383294,18,false,,2023-09-11T00:04:46Z,"liquid funk,drum and bass,jungle","Celsius Recordings",0.53,0.799,4,-4.68,0,0.0444,0.000885,0.435,0.102,0.138,173.035,4
spotify:track:4Ty61OGF6bB6DFL9aWMTDc,"Jazz Potato","Mrs Cruff","Mr. Scruff",1997,365253,40,false,,2023-09-10T22:52:20Z,"electro swing,trip hop,nu jazz,downtempo,acid jazz","Ninja Tune",0.638,0.692,7,-8.238,0,0.0405,0.0135,0.882,0.133,0.454,98.184,4
spotify:track:1kpvDOrqqwCbbsrIXwGcCI,"Nights Interlude","A Word of Science","Nightmares On Wax",1991,205160,17,false,,2023-09-10T22:33:40Z,"trip hop,downtempo,acid jazz,nu jazz","Warp Records",0.494,0.357,1,-17.063,1,0.0343,0.137,0.667,0.131,0.292,95.031,4
spotify:track:0xQlC8tI2hBeOs2TKOkM1G,"Hung Up On My Baby","Legenden des Soul - Isaac Hayes","Isaac Hayes",2014-01-01,377466,25,false,,2023-09-10T21:29:20Z,"soul,classic soul","Brunswick",0.649,0.753,11,-7.539,0,0.0306,0.139,0.858,0.0512,0.84,102.147,4
spotify:track:5p1NZ1DoAnmmxkFnmnyUWL,"Cloud 98 3/4 - Remaster","Cloud 98 3/4","Dobie;Nine",1998,209453,0,false,,2023-09-10T20:55:15Z,"trip hop","Odd Tone Music",0.732,0.534,1,-5.254,1,0.0431,0.139,0.00405,0.0883,0.648,96.947,4
spotify:track:0Lu6VGsXRBgQssWVFFgtv7,"Soulfood","Late Night Blues","Big Bud",2001,470500,38,false,,2023-09-10T20:18:38Z,"jungle,drum and bass,liquid funk,breakbeat","goodlooking Records",0.557,0.92,11,-5.67,1,0.0499,0.0112,0.697,0.0942,0.156,159.881,4
spotify:track:3MBONir2wjkqMZ3WizQUCf,"Circa '96","Groove Therapy","Utah Jazz",2010-07-05,316926,30,false,,2023-09-10T19:42:55Z,"liquid funk,drum and bass,jungle","Vintage Recordings",0.524,0.946,3,-4.979,0,0.0414,0.00503,0.813,0.168,0.763,173.985,4
spotify:track:62gvCFP2ENmOSFG35MVF1M,"Long Gone","Limb Valley","Al Zanders",2019-05-31,400020,33,false,,2023-09-10T19:26:22Z,"jazz house,lo-fi house","A-Z Records",0.768,0.569,11,-7.495,1,0.0618,0.446,0.624,0.0521,0.476,128.991,4
spotify:track:7gMrN94LseBINmgTHAdlWk,"Should I","Should I","DJ Marky",2019-08-22,258169,0,false,,2023-09-10T18:50:44Z,"liquid funk,drum and bass,jungle","Innerground Records",0.607,0.954,2,-2.896,1,0.0442,0.000633,0.769,0.0598,0.752,173.028,4
spotify:track:2nr2VICerGNadOweHaLfdZ,"Secret Feeling","Heavenly Feeling EP","Intelligent Manners",2013-08-26,311470,14,false,,2023-09-06T22:04:01Z,"liquid funk,drum and bass,jungle","Fokuz Recordings",0.578,0.975,0,-4.101,0,0.0975,0.00138,0.922,0.0556,0.357,175.014,4
spotify:track:4MTMU3sO00YtSjrNir7BzN,"Miracles - Original Mix","Miracles EP","Intelligent Manners",2014-11-10,277667,6,false,,2023-09-06T21:17:51Z,"liquid funk,drum and bass,jungle","Fokuz Recordings",0.635,0.826,1,-4.818,1,0.048,0.00023,0.782,0.0485,0.264,87.502,4
spotify:track:3IU3tHu7nNEZI14UDjyXh3,"Underground Cats","Jazz Solstice","Tokalosh;Tom White",2017-09-18,278082,22,false,,2023-09-06T17:13:31Z,"liquid funk,drum and bass,jungle,chillstep","Silhouette Audio",0.625,0.943,9,-2.307,1,0.0379,0.002,0.868,0.0796,0.763,91.02,4
spotify:track:7usAolL1U6QbVmCNPPiLRM,"Life Goes - Original Mix","Sounds Of The Innerground","Pennygiles",2013-04-29,480001,0,false,,2023-09-06T12:17:46Z,"liquid funk,drum and bass","Innerground Records",0.423,0.825,2,-5.199,1,0.0447,0.000153,0.0457,0.0722,0.118,174.022,4
spotify:track:7uZJOco7XHvAttQOLTvb3x,"Love Nights - Original Mix","Love Nights / Red","Random Movement",2005-11-28,329773,0,false,,2023-09-04T11:15:34Z,"liquid funk,drum and bass,jungle","Innerground Records",0.497,0.994,5,-3.22,0,0.0769,0.000236,0.901,0.118,0.933,172.077,4
spotify:track:2Zm7hatJb3vAfezcKtnxNl,"Harlem Nights","Nothing But... Drum & Bass Classics 3.0","Furney",2017-03-03,370909,0,false,,2023-09-04T11:04:49Z,"liquid funk,drum and bass,jungle","Nothing But",0.644,0.786,8,-4.9,0,0.0769,0.0000122,0.879,0.0652,0.281,175.989,4
spotify:track:5xJg5D34svmelquBecL8ze,"Dirt Dobber - Original Mix","Dirt Dobber / Feeling Translated","Random Movement",2012-04-13,394829,0,false,,2023-09-04T10:07:39Z,"liquid funk,drum and bass,jungle","Innerground Records",0.467,0.988,1,-5.282,1,0.067,0.0000408,0.824,0.324,0.713,175.013,4
spotify:track:5rtGhin74wxFojrPqgTpdY,"Nothin But Love - Original Mix","Nothin But Love","Dave Owen",2013-05-27,400941,26,false,,2023-09-04T09:20:25Z,"liquid funk,drum and bass,jungle","Rad Summer",0.669,0.604,11,-9.483,1,0.0911,0.0204,0.591,0.236,0.597,170.181,4
spotify:track:2NrWRcUS9jERjSjVd6qQSt,"The Feeling","The Feeling","FD;KinKai",2020-06-05,266731,27,false,,2023-09-04T02:52:22Z,"liquid funk,drum and bass,jungle,jazz rap","The North Quarter",0.664,0.868,11,-5.263,1,0.091,0.00306,0.637,0.0904,0.57,172.009,4
spotify:track:1xLujl5LP1HmU7R8gKLlVn,"We've Been Lost in Time (Talkin') - Original Mix","God Complex EP","Random Movement",2015-10-09,423420,0,false,,2023-09-04T02:49:43Z,"liquid funk,drum and bass,jungle","Innerground Records",0.666,0.94,5,-4.798,0,0.115,0.0000597,0.665,0.392,0.777,175.025,4
spotify:track:6XrMeYTZO76OQYa6NlOlPJ,"Sundays","Jungle Style","Aries;Random Movement;Bevan",2018-03-19,334486,10,false,,2023-09-03T22:50:36Z,"jungle,drum and bass,ragga,liquid funk","Born On Road",0.572,0.905,1,-3.556,1,0.0417,0.00115,0.686,0.144,0.771,87.515,4
spotify:track:3zqgcTVXGI0CoMYPSm2lql,"Back in My Soul (Encore)","Broken Soul","Redeyes",2018-09-28,319356,15,false,,2023-09-03T20:42:57Z,"liquid funk,drum and bass,jazz house,jungle","The North Quarter",0.547,0.763,1,-8.314,0,0.0417,0.0635,0.618,0.0871,0.933,171.99,4
spotify:track:2bj0BLjX5q551yOstFdZWG,"Here With Me","Here With Me","FD",2021-02-19,251689,15,false,,2023-09-03T20:06:28Z,"liquid funk,drum and bass,jungle","The North Quarter",0.519,0.903,10,-4.543,0,0.0548,0.000428,0.2,0.0982,0.912,171.978,4
spotify:track:5sRQNFKwE9kgNleZgnCpgw,"Local Forecast - Elevator","Disco Ultralounge","Kevin MacLeod",2014-12-25,189204,56,false,,2023-08-17T21:19:11Z,"","Incompetech",0.627,0.384,7,-19.31,0,0.0425,0.664,0.961,0.782,0.9,163.926,4
spotify:track:6llsijC0v6TNtTxTHgOtTy,"The Big Guns","Heatwave's Greatest Hits","Heatwave",1984-06-18,245466,46,false,,2023-08-17T20:35:26Z,"disco","Sony Music UK",0.677,0.586,5,-12.923,0,0.0291,0.0177,0.849,0.0521,0.777,111.755,4
spotify:track:6lqYjlQyDzNWE0MGc78b4c,"Mysterious Vibes","Action","The Blackbyrds",1994-01-01,290066,54,false,,2023-08-06T00:07:22Z,"jazz funk","Fantasy Records",0.587,0.321,8,-19.623,0,0.0274,0.0558,0.00332,0.107,0.716,92.69,4
spotify:track:2uMqG8w8oi09fB2YA2QLOm,"Summer Madness","Light Of Worlds","Kool & The Gang",1974-09,257866,65,false,,2023-08-05T23:57:40Z,"disco,funk","Island Mercury",0.298,0.327,6,-16.515,0,0.031,0.00834,0.86,0.0724,0.454,175.898,4
spotify:track:4hCnE4IRpAJJ3QIPWWBPMY,"Boogie Nights (Re-Recorded) [Instrumental]","Boogie Nights (Re-Recorded) [Sped Up] - Single","Heatwave",2023-06-02,220677,0,false,,2023-08-05T21:55:23Z,"disco","Cleopatra Records",0.712,0.661,4,-9.554,0,0.0332,0.019,0.756,0.0858,0.735,118.005,4
spotify:track:2kjfbhxkvLyRJOGttEOLrX,"Boogie Nights (Re-Recorded) [Sped Up]","Boogie Nights (Re-Recorded) [Sped Up] - Single","Heatwave",2023-06-02,191894,0,false,,2023-08-05T21:50:12Z,"disco","Cleopatra Records",0.671,0.816,11,-8.335,0,0.0654,0.0145,0.000339,0.112,0.788,135.728,4
spotify:track:5jitoA9s8NQS1xHCyF5RRr,"Be Glorified","The Best of Ron Kenoly : High Places","Ron Kenoly",2010-12-06,276226,0,false,,2023-05-05T07:48:04Z,"gospel,worship,christian","Integrity Music US",0.313,0.388,5,-12.685,1,0.0557,0.374,0,0.378,0.171,146.786,4
spotify:track:7AeUavplYA6xDkA6zIJH2a,"Lover Of My Soul","Make Room","Jonathan McReynolds",2018-03-09,201923,0,false,,2023-05-04T18:28:06Z,"gospel,christian r&b,worship","eOne Music",0.369,0.351,8,-8.332,1,0.041,0.533,0,0.108,0.378,149.952,4
spotify:track:3MHq0ZMCg5cs7FwIOEKlb9,"Higher Place Of Praise","Alabaster Box","CeCe Winans",1999-01-01,292306,28,false,,2023-05-04T18:13:54Z,"gospel,worship,christian","Sparrow Label Third Party",0.838,0.633,7,-6.882,0,0.0771,0.14,0.00000222,0.0389,0.737,91.086,4
spotify:track:1n3itjgPe6tuPf8hbr1jsn,"It's Gonna Get Better","CeCe Winans","CeCe Winans",2001-01-01,241106,26,false,,2023-05-04T18:00:55Z,"gospel,worship,christian","Sparrow Label Third Party",0.492,0.619,2,-4.638,0,0.0313,0.105,0,0.164,0.198,121.655,4
spotify:track:5ykW4M5vMknIRatOOHUFd6,"Lord How I Love You","Love Unstoppable","Fred Hammond",2009-09-28,367746,30,false,,2023-05-04T17:54:07Z,"gospel,worship,traditional gospel,christian r&b","Verity Records",0.532,0.688,2,-5.567,1,0.0612,0.635,0,0.245,0.225,120.062,4
spotify:track:5h14Ph0dBPGtTtqSnCys5c,"On My Knees","Nicole C. Mullen","Nicole C. Mullen",2000-01-01,299426,32,false,,2023-05-04T17:34:45Z,"christian,ccm,gospel,worship,hymns","Curb | Word",0.651,0.494,9,-8.989,1,0.0243,0.221,0.0301,0.0798,0.319,84.691,4
spotify:track:5DhXuoBm6pfU0ZObeXQYaq,"Use Me (feat. Cynthia Greene)","Favorite Song of All","The Brooklyn Tabernacle Choir;Cynthia Greene",1996-11-07,345760,36,false,,2023-05-04T16:03:12Z,"gospel,worship,traditional gospel","Brooklyn Tabernacle Music",0.288,0.444,10,-11.098,1,0.0334,0.35,0.00000361,0.719,0.19,103.259,4
spotify:track:1Iiv0n1xjwVYVf8NOTjoq0,"Go Get It","Go Get It","Mary Mary",2000,190760,51,false,,2023-05-04T14:56:52Z,"gospel,christian r&b","Columbia",0.718,0.77,1,-5.077,1,0.0344,0.0217,0.0000146,0.36,0.785,93.072,4
spotify:track:3RCAjJWDwqFbYu1FkjXdF5,"Carry Me","ABLE","Ryan Stevenson",2023-04-28,229773,32,false,,2023-05-04T13:48:11Z,"christian,ccm,worship,christian pop","Gotee Records",0.601,0.712,0,-8.873,1,0.0496,0.0262,0,0.0706,0.415,148.001,4
